exchange,symbol,open,close,high,low,amount,volume,position,bob,eob,type
CFFEX,IC9999,5643.8,5688.8,5706.0,5641.4,43986326000.0,38714,98287,2025-06-04 00:00:00+08:00,2025-06-04 00:00:00+08:00,14
CFFEX,IC9998,5453.2,5500.4,5518.0,5453.2,12693204680.0,11550,63498,2025-06-04 00:00:00+08:00,2025-06-04 00:00:00+08:00,14
CFFEX,IC2506,5643.8,5688.8,5706.0,5641.4,43986326000.0,38714,98287,2025-06-04 00:00:00+08:00,2025-06-04 00:00:00+08:00,14
CFFEX,IC2507,5577.6,5619.0,5635.8,5573.6,3408289120.0,3037,9966,2025-06-04 00:00:00+08:00,2025-06-04 00:00:00+08:00,14
CFFEX,IC2509,5453.2,5500.4,5518.0,5453.2,12693204680.0,11550,63498,2025-06-04 00:00:00+08:00,2025-06-04 00:00:00+08:00,14
CFFEX,IC2512,5339.8,5371.6,5387.4,5332.8,5139216040.0,4789,34625,2025-06-04 00:00:00+08:00,2025-06-04 00:00:00+08:00,14
CFFEX,IF9999,3829.6,3842.4,3855.6,3827.2,54768803280.0,47487,116411,2025-06-04 00:00:00+08:00,2025-06-04 00:00:00+08:00,14
CFFEX,IF9998,3755.0,3769.4,3782.2,3755.0,16643140800.0,14710,80180,2025-06-04 00:00:00+08:00,2025-06-04 00:00:00+08:00,14
CFFEX,IF2506,3829.6,3842.4,3855.6,3827.2,54768803280.0,47487,116411,2025-06-04 00:00:00+08:00,2025-06-04 00:00:00+08:00,14
CFFEX,IF2507,3789.0,3803.2,3818.0,3789.0,4157891880.0,3641,13559,2025-06-04 00:00:00+08:00,2025-06-04 00:00:00+08:00,14
CFFEX,IF2509,3755.0,3769.4,3782.2,3755.0,16643140800.0,14710,80180,2025-06-04 00:00:00+08:00,2025-06-04 00:00:00+08:00,14
CFFEX,IF2512,3722.0,3730.2,3743.0,3719.4,4463760480.0,3986,19298,2025-06-04 00:00:00+08:00,2025-06-04 00:00:00+08:00,14
CFFEX,IH9999,2668.2,2673.6,2685.0,2667.0,17898856680.0,22289,47017,2025-06-04 00:00:00+08:00,2025-06-04 00:00:00+08:00,14
CFFEX,IH9998,2628.2,2637.4,2648.0,2628.2,5296635000.0,6687,23701,2025-06-04 00:00:00+08:00,2025-06-04 00:00:00+08:00,14
CFFEX,IH2506,2668.2,2673.6,2685.0,2667.0,17898856680.0,22289,47017,2025-06-04 00:00:00+08:00,2025-06-04 00:00:00+08:00,14
CFFEX,IH2507,2638.2,2643.4,2653.6,2637.8,1211304240.0,1526,3383,2025-06-04 00:00:00+08:00,2025-06-04 00:00:00+08:00,14
CFFEX,IH2509,2628.2,2637.4,2648.0,2628.2,5296635000.0,6687,23701,2025-06-04 00:00:00+08:00,2025-06-04 00:00:00+08:00,14
CFFEX,IH2512,2633.0,2637.6,2647.4,2632.6,1112756940.0,1405,4705,2025-06-04 00:00:00+08:00,2025-06-04 00:00:00+08:00,14
CFFEX,IM9999,6007.6,6054.0,6067.0,5992.0,121760923720.0,100779,161713,2025-06-04 00:00:00+08:00,2025-06-04 00:00:00+08:00,14
CFFEX,IM9998,5749.8,5796.6,5810.8,5739.8,37442700320.0,32368,89186,2025-06-04 00:00:00+08:00,2025-06-04 00:00:00+08:00,14
CFFEX,IM2506,6007.6,6054.0,6067.0,5992.0,121760923720.0,100779,161713,2025-06-04 00:00:00+08:00,2025-06-04 00:00:00+08:00,14
CFFEX,IM2507,5915.0,5962.8,5975.2,5901.2,7551577720.0,6346,15374,2025-06-04 00:00:00+08:00,2025-06-04 00:00:00+08:00,14
CFFEX,IM2509,5749.8,5796.6,5810.8,5739.8,37442700320.0,32368,89186,2025-06-04 00:00:00+08:00,2025-06-04 00:00:00+08:00,14
CFFEX,IM2512,5569.0,5616.0,5633.0,5560.2,13467054560.0,12012,49216,2025-06-04 00:00:00+08:00,2025-06-04 00:00:00+08:00,14
CFFEX,T9999,108.72,108.765,108.775,108.62,60552974950.0,55709,170547,2025-06-04 00:00:00+08:00,2025-06-04 00:00:00+08:00,14
CFFEX,T9998,108.75,108.805,108.83,108.665,5422371200.0,4987,18217,2025-06-04 00:00:00+08:00,2025-06-04 00:00:00+08:00,14
CFFEX,T2506,108.52,108.52,108.52,108.44,200687150.0,185,6224,2025-06-04 00:00:00+08:00,2025-06-04 00:00:00+08:00,14
CFFEX,T2509,108.72,108.765,108.775,108.62,60552974950.0,55709,170547,2025-06-04 00:00:00+08:00,2025-06-04 00:00:00+08:00,14
CFFEX,T2512,108.75,108.805,108.83,108.665,5422371200.0,4987,18217,2025-06-04 00:00:00+08:00,2025-06-04 00:00:00+08:00,14
CFFEX,TF9999,105.99,106.035,106.06,105.935,48754143100.0,46001,139957,2025-06-04 00:00:00+08:00,2025-06-04 00:00:00+08:00,14
CFFEX,TF9998,106.085,106.1,106.14,106.02,5531051000.0,5215,16896,2025-06-04 00:00:00+08:00,2025-06-04 00:00:00+08:00,14
CFFEX,TF2506,105.73,105.75,105.75,105.655,780046850.0,738,8090,2025-06-04 00:00:00+08:00,2025-06-04 00:00:00+08:00,14
CFFEX,TF2509,105.99,106.035,106.06,105.935,48754143100.0,46001,139957,2025-06-04 00:00:00+08:00,2025-06-04 00:00:00+08:00,14
CFFEX,TF2512,106.085,106.1,106.14,106.02,5531051000.0,5215,16896,2025-06-04 00:00:00+08:00,2025-06-04 00:00:00+08:00,14
CFFEX,TL9999,119.62,119.57,119.69,119.29,83932717700.0,70260,94314,2025-06-04 00:00:00+08:00,2025-06-04 00:00:00+08:00,14
CFFEX,TL9998,119.46,119.4,119.54,119.16,5024466300.0,4211,18317,2025-06-04 00:00:00+08:00,2025-06-04 00:00:00+08:00,14
CFFEX,TL2506,118.79,118.82,118.92,118.71,184151300.0,155,2093,2025-06-04 00:00:00+08:00,2025-06-04 00:00:00+08:00,14
CFFEX,TL2509,119.62,119.57,119.69,119.29,83932717700.0,70260,94314,2025-06-04 00:00:00+08:00,2025-06-04 00:00:00+08:00,14
CFFEX,TL2512,119.46,119.4,119.54,119.16,5024466300.0,4211,18317,2025-06-04 00:00:00+08:00,2025-06-04 00:00:00+08:00,14
CFFEX,TS9999,102.372,102.396,102.416,102.36,63887952040.0,31202,114335,2025-06-04 00:00:00+08:00,2025-06-04 00:00:00+08:00,14
CFFEX,TS9998,102.528,102.538,102.538,102.5,1962158280.0,957,3946,2025-06-04 00:00:00+08:00,2025-06-04 00:00:00+08:00,14
CFFEX,TS2506,102.224,102.248,102.262,102.216,1901573720.0,930,1683,2025-06-04 00:00:00+08:00,2025-06-04 00:00:00+08:00,14
CFFEX,TS2509,102.372,102.396,102.416,102.36,63887952040.0,31202,114335,2025-06-04 00:00:00+08:00,2025-06-04 00:00:00+08:00,14
CFFEX,TS2512,102.528,102.538,102.538,102.5,1962158280.0,957,3946,2025-06-04 00:00:00+08:00,2025-06-04 00:00:00+08:00,14
CZCE,AP9999,7670.0,7750.0,7765.0,7604.0,7950100000.0,103397,110064,2025-06-04 00:00:00+08:00,2025-06-04 00:00:00+08:00,14
CZCE,AP9998,7519.0,7621.0,7644.0,7514.0,249217700.0,3287,9145,2025-06-04 00:00:00+08:00,2025-06-04 00:00:00+08:00,14
CZCE,AP2510,7670.0,7750.0,7765.0,7604.0,7950100000.0,103397,110064,2025-06-04 00:00:00+08:00,2025-06-04 00:00:00+08:00,14
CZCE,AP2511,7531.0,7604.0,7616.0,7470.0,18126700.0,240,4832,2025-06-04 00:00:00+08:00,2025-06-04 00:00:00+08:00,14
CZCE,AP2512,7565.0,7597.0,7629.0,7500.0,3480800.0,46,193,2025-06-04 00:00:00+08:00,2025-06-04 00:00:00+08:00,14
CZCE,AP2601,7519.0,7621.0,7644.0,7514.0,249217700.0,3287,9145,2025-06-04 00:00:00+08:00,2025-06-04 00:00:00+08:00,14
CZCE,AP2603,7592.0,7650.0,7650.0,7552.0,1139400.0,15,131,2025-06-04 00:00:00+08:00,2025-06-04 00:00:00+08:00,14
CZCE,AP2604,7642.0,7720.0,7720.0,7642.0,537800.0,7,68,2025-06-04 00:00:00+08:00,2025-06-04 00:00:00+08:00,14
CZCE,AP2605,7723.0,7754.0,7777.0,7683.0,5328100.0,69,100,2025-06-04 00:00:00+08:00,2025-06-04 00:00:00+08:00,14
CZCE,CF9999,13270.0,13265.0,13290.0,13200.0,11615080900.0,175395,525386,2025-06-04 00:00:00+08:00,2025-06-04 00:00:00+08:00,14
CZCE,CF9998,13320.0,13320.0,13335.0,13260.0,2009393300.0,30223,131320,2025-06-04 00:00:00+08:00,2025-06-04 00:00:00+08:00,14
CZCE,CF2507,13035.0,13045.0,13060.0,12970.0,1029790400.0,15828,38521,2025-06-04 00:00:00+08:00,2025-06-04 00:00:00+08:00,14
CZCE,CF2509,13270.0,13265.0,13290.0,13200.0,11615080900.0,175395,525386,2025-06-04 00:00:00+08:00,2025-06-04 00:00:00+08:00,14
CZCE,CF2511,13255.0,13255.0,13270.0,13195.0,932015100.0,14089,23226,2025-06-04 00:00:00+08:00,2025-06-04 00:00:00+08:00,14
CZCE,CF2601,13320.0,13320.0,13335.0,13260.0,2009393300.0,30223,131320,2025-06-04 00:00:00+08:00,2025-06-04 00:00:00+08:00,14
CZCE,CF2603,13285.0,13310.0,13315.0,13260.0,20138500.0,303,2223,2025-06-04 00:00:00+08:00,2025-06-04 00:00:00+08:00,14
CZCE,CF2605,13345.0,13305.0,13345.0,13275.0,57088100.0,858,1908,2025-06-04 00:00:00+08:00,2025-06-04 00:00:00+08:00,14
CZCE,CJ9999,8660.0,8810.0,8840.0,8630.0,2772317500.0,63479,82027,2025-06-04 00:00:00+08:00,2025-06-04 00:00:00+08:00,14
CZCE,CJ9998,9390.0,9620.0,9690.0,9360.0,1107733800.0,23223,26594,2025-06-04 00:00:00+08:00,2025-06-04 00:00:00+08:00,14
CZCE,CJ2507,8475.0,8630.0,8655.0,8460.0,29237600.0,684,2717,2025-06-04 00:00:00+08:00,2025-06-04 00:00:00+08:00,14
CZCE,CJ2509,8660.0,8810.0,8840.0,8630.0,2772317500.0,63479,82027,2025-06-04 00:00:00+08:00,2025-06-04 00:00:00+08:00,14
CZCE,CJ2512,9345.0,9585.0,9635.0,9315.0,73373800.0,1551,3630,2025-06-04 00:00:00+08:00,2025-06-04 00:00:00+08:00,14
CZCE,CJ2601,9390.0,9620.0,9690.0,9360.0,1107733800.0,23223,26594,2025-06-04 00:00:00+08:00,2025-06-04 00:00:00+08:00,14
CZCE,CJ2603,9510.0,9785.0,9830.0,9510.0,38655000.0,798,1352,2025-06-04 00:00:00+08:00,2025-06-04 00:00:00+08:00,14
CZCE,CJ2605,9685.0,9920.0,9985.0,9685.0,69851000.0,1415,2117,2025-06-04 00:00:00+08:00,2025-06-04 00:00:00+08:00,14
CZCE,CY9999,19515.0,19505.0,19560.0,19415.0,295739200.0,3036,4293,2025-06-04 00:00:00+08:00,2025-06-04 00:00:00+08:00,14
CZCE,CY9998,19495.0,19475.0,19510.0,19400.0,539820000.0,5550,6538,2025-06-04 00:00:00+08:00,2025-06-04 00:00:00+08:00,14
CZCE,CY2507,19515.0,19505.0,19560.0,19415.0,295739200.0,3036,4293,2025-06-04 00:00:00+08:00,2025-06-04 00:00:00+08:00,14
CZCE,CY2509,19495.0,19475.0,19510.0,19400.0,539820000.0,5550,6538,2025-06-04 00:00:00+08:00,2025-06-04 00:00:00+08:00,14
CZCE,FG9999,956.0,988.0,996.0,953.0,44856537200.0,2306267,1444272,2025-06-04 00:00:00+08:00,2025-06-04 00:00:00+08:00,14
CZCE,FG9998,1014.0,1040.0,1050.0,1008.0,2385747700.0,116306,173155,2025-06-04 00:00:00+08:00,2025-06-04 00:00:00+08:00,14
CZCE,FG2506,980.0,991.0,1007.0,980.0,14647400.0,735,1079,2025-06-04 00:00:00+08:00,2025-06-04 00:00:00+08:00,14
CZCE,FG2507,948.0,974.0,977.0,944.0,478217100.0,24807,40787,2025-06-04 00:00:00+08:00,2025-06-04 00:00:00+08:00,14
CZCE,FG2508,975.0,1005.0,1013.0,975.0,248376600.0,12545,23010,2025-06-04 00:00:00+08:00,2025-06-04 00:00:00+08:00,14
CZCE,FG2509,956.0,988.0,996.0,953.0,44856537200.0,2306267,1444272,2025-06-04 00:00:00+08:00,2025-06-04 00:00:00+08:00,14
CZCE,FG2510,986.0,1017.0,1024.0,983.0,117374000.0,5865,10345,2025-06-04 00:00:00+08:00,2025-06-04 00:00:00+08:00,14
CZCE,FG2511,976.0,1005.0,1011.0,970.0,99083900.0,5019,9383,2025-06-04 00:00:00+08:00,2025-06-04 00:00:00+08:00,14
CZCE,FG2512,1028.0,1052.0,1061.0,1021.0,20576800.0,992,2156,2025-06-04 00:00:00+08:00,2025-06-04 00:00:00+08:00,14
CZCE,FG2601,1014.0,1040.0,1050.0,1008.0,2385747700.0,116306,173155,2025-06-04 00:00:00+08:00,2025-06-04 00:00:00+08:00,14
CZCE,FG2602,1049.0,1079.0,1087.0,1049.0,5193000.0,243,1289,2025-06-04 00:00:00+08:00,2025-06-04 00:00:00+08:00,14
CZCE,FG2603,1050.0,1077.0,1081.0,1045.0,4900100.0,231,1380,2025-06-04 00:00:00+08:00,2025-06-04 00:00:00+08:00,14
CZCE,FG2604,1079.0,1103.0,1109.0,1073.0,5357000.0,246,852,2025-06-04 00:00:00+08:00,2025-06-04 00:00:00+08:00,14
CZCE,FG2605,1066.0,1098.0,1102.0,1066.0,24367400.0,1124,1335,2025-06-04 00:00:00+08:00,2025-06-04 00:00:00+08:00,14
CZCE,MA9999,2226.0,2270.0,2275.0,2220.0,24934496600.0,1109065,835598,2025-06-04 00:00:00+08:00,2025-06-04 00:00:00+08:00,14
CZCE,MA9998,2293.0,2330.0,2335.0,2281.0,1884803600.0,81623,212171,2025-06-04 00:00:00+08:00,2025-06-04 00:00:00+08:00,14
CZCE,MA2506,2298.0,2318.0,2318.0,2261.0,5438300.0,236,3605,2025-06-04 00:00:00+08:00,2025-06-04 00:00:00+08:00,14
CZCE,MA2507,2241.0,2282.0,2289.0,2234.0,272517500.0,12024,6988,2025-06-04 00:00:00+08:00,2025-06-04 00:00:00+08:00,14
CZCE,MA2508,2230.0,2279.0,2283.0,2228.0,555814400.0,24637,18609,2025-06-04 00:00:00+08:00,2025-06-04 00:00:00+08:00,14
CZCE,MA2509,2226.0,2270.0,2275.0,2220.0,24934496600.0,1109065,835598,2025-06-04 00:00:00+08:00,2025-06-04 00:00:00+08:00,14
CZCE,MA2510,2238.0,2282.0,2285.0,2232.0,425080800.0,18838,19355,2025-06-04 00:00:00+08:00,2025-06-04 00:00:00+08:00,14
CZCE,MA2511,2249.0,2287.0,2291.0,2243.0,407858800.0,18003,24545,2025-06-04 00:00:00+08:00,2025-06-04 00:00:00+08:00,14
CZCE,MA2512,2282.0,2322.0,2322.0,2278.0,2410300.0,105,732,2025-06-04 00:00:00+08:00,2025-06-04 00:00:00+08:00,14
CZCE,MA2601,2293.0,2330.0,2335.0,2281.0,1884803600.0,81623,212171,2025-06-04 00:00:00+08:00,2025-06-04 00:00:00+08:00,14
CZCE,MA2602,2271.0,2309.0,2309.0,2271.0,228800.0,10,1816,2025-06-04 00:00:00+08:00,2025-06-04 00:00:00+08:00,14
CZCE,MA2603,2274.0,2315.0,2315.0,2269.0,1882100.0,82,1544,2025-06-04 00:00:00+08:00,2025-06-04 00:00:00+08:00,14
CZCE,MA2604,2262.0,2296.0,2300.0,2262.0,479700.0,21,89,2025-06-04 00:00:00+08:00,2025-06-04 00:00:00+08:00,14
CZCE,MA2605,2234.0,2270.0,2275.0,2226.0,18517700.0,823,2146,2025-06-04 00:00:00+08:00,2025-06-04 00:00:00+08:00,14
CZCE,OI9999,9285.0,9101.0,9286.0,9090.0,55357476200.0,603657,302979,2025-06-04 00:00:00+08:00,2025-06-04 00:00:00+08:00,14
CZCE,OI9998,9127.0,8959.0,9127.0,8947.0,3237100800.0,35921,49561,2025-06-04 00:00:00+08:00,2025-06-04 00:00:00+08:00,14
CZCE,OI2507,9341.0,9156.0,9341.0,9148.0,1609344600.0,17445,10349,2025-06-04 00:00:00+08:00,2025-06-04 00:00:00+08:00,14
CZCE,OI2509,9285.0,9101.0,9286.0,9090.0,55357476200.0,603657,302979,2025-06-04 00:00:00+08:00,2025-06-04 00:00:00+08:00,14
CZCE,OI2511,9206.0,9035.0,9208.0,9025.0,637560900.0,7008,2259,2025-06-04 00:00:00+08:00,2025-06-04 00:00:00+08:00,14
CZCE,OI2601,9127.0,8959.0,9127.0,8947.0,3237100800.0,35921,49561,2025-06-04 00:00:00+08:00,2025-06-04 00:00:00+08:00,14
CZCE,OI2603,9000.0,8890.0,9019.0,8890.0,9476800.0,106,325,2025-06-04 00:00:00+08:00,2025-06-04 00:00:00+08:00,14
CZCE,OI2605,8945.0,8856.0,8945.0,8853.0,7903500.0,89,84,2025-06-04 00:00:00+08:00,2025-06-04 00:00:00+08:00,14
CZCE,PF9999,6370.0,6408.0,6438.0,6348.0,5524174200.0,172826,83235,2025-06-04 00:00:00+08:00,2025-06-04 00:00:00+08:00,14
CZCE,PF9998,6330.0,6330.0,6366.0,6288.0,1727512600.0,54622,63317,2025-06-04 00:00:00+08:00,2025-06-04 00:00:00+08:00,14
CZCE,PF2507,6370.0,6408.0,6438.0,6348.0,5524174200.0,172826,83235,2025-06-04 00:00:00+08:00,2025-06-04 00:00:00+08:00,14
CZCE,PF2508,6362.0,6372.0,6408.0,6322.0,1327743200.0,41750,66838,2025-06-04 00:00:00+08:00,2025-06-04 00:00:00+08:00,14
CZCE,PF2509,6330.0,6330.0,6366.0,6288.0,1727512600.0,54622,63317,2025-06-04 00:00:00+08:00,2025-06-04 00:00:00+08:00,14
CZCE,PF2510,6360.0,6372.0,6404.0,6328.0,352427600.0,11085,13162,2025-06-04 00:00:00+08:00,2025-06-04 00:00:00+08:00,14
CZCE,PF2511,6340.0,6334.0,6366.0,6286.0,266427000.0,8439,11273,2025-06-04 00:00:00+08:00,2025-06-04 00:00:00+08:00,14
CZCE,PF2512,6296.0,6296.0,6298.0,6272.0,283100.0,9,631,2025-06-04 00:00:00+08:00,2025-06-04 00:00:00+08:00,14
CZCE,PF2601,6252.0,6284.0,6306.0,6246.0,1788000.0,57,1028,2025-06-04 00:00:00+08:00,2025-06-04 00:00:00+08:00,14
CZCE,PF2603,6256.0,6240.0,6256.0,6240.0,62500.0,2,25,2025-06-04 00:00:00+08:00,2025-06-04 00:00:00+08:00,14
CZCE,PK9999,8468.0,8386.0,8472.0,8350.0,3565993800.0,84948,147425,2025-06-04 00:00:00+08:00,2025-06-04 00:00:00+08:00,14
CZCE,PK9998,8246.0,8172.0,8248.0,8140.0,863260500.0,21106,60374,2025-06-04 00:00:00+08:00,2025-06-04 00:00:00+08:00,14
CZCE,PK2510,8468.0,8386.0,8472.0,8350.0,3565993800.0,84948,147425,2025-06-04 00:00:00+08:00,2025-06-04 00:00:00+08:00,14
CZCE,PK2511,8246.0,8172.0,8248.0,8140.0,863260500.0,21106,60374,2025-06-04 00:00:00+08:00,2025-06-04 00:00:00+08:00,14
CZCE,PK2512,8200.0,8116.0,8200.0,8100.0,5084100.0,125,747,2025-06-04 00:00:00+08:00,2025-06-04 00:00:00+08:00,14
CZCE,PK2601,8190.0,8130.0,8190.0,8104.0,29984000.0,737,2999,2025-06-04 00:00:00+08:00,2025-06-04 00:00:00+08:00,14
CZCE,PK2603,8172.0,8116.0,8172.0,8116.0,610300.0,15,170,2025-06-04 00:00:00+08:00,2025-06-04 00:00:00+08:00,14
CZCE,PK2604,8140.0,8164.0,8164.0,8140.0,163100.0,4,76,2025-06-04 00:00:00+08:00,2025-06-04 00:00:00+08:00,14
CZCE,PK2605,8198.0,8168.0,8198.0,8142.0,1591300.0,39,57,2025-06-04 00:00:00+08:00,2025-06-04 00:00:00+08:00,14
CZCE,PR9999,5922.0,5926.0,5966.0,5886.0,3210735800.0,36136,17281,2025-06-04 00:00:00+08:00,2025-06-04 00:00:00+08:00,14
CZCE,PR9998,5882.0,5872.0,5904.0,5836.0,1338941000.0,15204,29848,2025-06-04 00:00:00+08:00,2025-06-04 00:00:00+08:00,14
CZCE,PR2507,5922.0,5926.0,5966.0,5886.0,3210735800.0,36136,17281,2025-06-04 00:00:00+08:00,2025-06-04 00:00:00+08:00,14
CZCE,PR2508,5890.0,5900.0,5938.0,5866.0,1293671600.0,14616,15085,2025-06-04 00:00:00+08:00,2025-06-04 00:00:00+08:00,14
CZCE,PR2509,5882.0,5872.0,5904.0,5836.0,1338941000.0,15204,29848,2025-06-04 00:00:00+08:00,2025-06-04 00:00:00+08:00,14
CZCE,PR2510,5870.0,5892.0,5908.0,5844.0,319258500.0,3622,4194,2025-06-04 00:00:00+08:00,2025-06-04 00:00:00+08:00,14
CZCE,PR2511,5798.0,5828.0,5828.0,5794.0,348300.0,4,38,2025-06-04 00:00:00+08:00,2025-06-04 00:00:00+08:00,14
CZCE,PR2512,5772.0,5760.0,5772.0,5752.0,259300.0,3,22,2025-06-04 00:00:00+08:00,2025-06-04 00:00:00+08:00,14
CZCE,PR2601,5762.0,5774.0,5784.0,5730.0,3363500.0,39,243,2025-06-04 00:00:00+08:00,2025-06-04 00:00:00+08:00,14
CZCE,PR2602,5802.0,5826.0,5826.0,5800.0,261400.0,3,11,2025-06-04 00:00:00+08:00,2025-06-04 00:00:00+08:00,14
CZCE,PX9999,6560.0,6578.0,6630.0,6502.0,10452633900.0,318353,150119,2025-06-04 00:00:00+08:00,2025-06-04 00:00:00+08:00,14
CZCE,PX9998,6382.0,6398.0,6436.0,6326.0,355726200.0,11159,35774,2025-06-04 00:00:00+08:00,2025-06-04 00:00:00+08:00,14
CZCE,PX2507,6776.0,6794.0,6834.0,6720.0,1053566300.0,31057,28278,2025-06-04 00:00:00+08:00,2025-06-04 00:00:00+08:00,14
CZCE,PX2508,6656.0,6678.0,6724.0,6602.0,666059700.0,19991,22590,2025-06-04 00:00:00+08:00,2025-06-04 00:00:00+08:00,14
CZCE,PX2509,6560.0,6578.0,6630.0,6502.0,10452633900.0,318353,150119,2025-06-04 00:00:00+08:00,2025-06-04 00:00:00+08:00,14
CZCE,PX2510,6510.0,6536.0,6586.0,6458.0,447715600.0,13710,12599,2025-06-04 00:00:00+08:00,2025-06-04 00:00:00+08:00,14
CZCE,PX2511,6464.0,6494.0,6542.0,6412.0,399330300.0,12311,20031,2025-06-04 00:00:00+08:00,2025-06-04 00:00:00+08:00,14
CZCE,PX2512,6406.0,6406.0,6406.0,6406.0,32000.0,1,10,2025-06-04 00:00:00+08:00,2025-06-04 00:00:00+08:00,14
CZCE,PX2601,6382.0,6398.0,6436.0,6326.0,355726200.0,11159,35774,2025-06-04 00:00:00+08:00,2025-06-04 00:00:00+08:00,14
CZCE,PX2605,6392.0,6388.0,6418.0,6346.0,541700.0,17,56,2025-06-04 00:00:00+08:00,2025-06-04 00:00:00+08:00,14
CZCE,RM9999,2563.0,2543.0,2564.0,2524.0,11812088300.0,464176,541628,2025-06-04 00:00:00+08:00,2025-06-04 00:00:00+08:00,14
CZCE,RM9998,2317.0,2311.0,2332.0,2299.0,1626232300.0,70353,180822,2025-06-04 00:00:00+08:00,2025-06-04 00:00:00+08:00,14
CZCE,RM2507,2494.0,2461.0,2498.0,2441.0,1060054300.0,42939,85937,2025-06-04 00:00:00+08:00,2025-06-04 00:00:00+08:00,14
CZCE,RM2508,2580.0,2558.0,2581.0,2542.0,104618800.0,4087,22934,2025-06-04 00:00:00+08:00,2025-06-04 00:00:00+08:00,14
CZCE,RM2509,2563.0,2543.0,2564.0,2524.0,11812088300.0,464176,541628,2025-06-04 00:00:00+08:00,2025-06-04 00:00:00+08:00,14
CZCE,RM2511,2423.0,2410.0,2426.0,2396.0,66786800.0,2771,13899,2025-06-04 00:00:00+08:00,2025-06-04 00:00:00+08:00,14
CZCE,RM2601,2317.0,2311.0,2332.0,2299.0,1626232300.0,70353,180822,2025-06-04 00:00:00+08:00,2025-06-04 00:00:00+08:00,14
CZCE,RM2603,2302.0,2299.0,2316.0,2288.0,158536200.0,6895,15109,2025-06-04 00:00:00+08:00,2025-06-04 00:00:00+08:00,14
CZCE,RM2605,2335.0,2329.0,2337.0,2321.0,48205600.0,2070,3255,2025-06-04 00:00:00+08:00,2025-06-04 00:00:00+08:00,14
CZCE,RS9999,5288.0,5239.0,5315.0,5187.0,2945300.0,56,80,2025-06-04 00:00:00+08:00,2025-06-04 00:00:00+08:00,14
CZCE,RS9998,5285.0,5279.0,5299.0,5250.0,1109900.0,21,10,2025-06-04 00:00:00+08:00,2025-06-04 00:00:00+08:00,14
CZCE,RS2507,5288.0,5239.0,5315.0,5187.0,2945300.0,56,80,2025-06-04 00:00:00+08:00,2025-06-04 00:00:00+08:00,14
CZCE,RS2509,5285.0,5279.0,5299.0,5250.0,1109900.0,21,10,2025-06-04 00:00:00+08:00,2025-06-04 00:00:00+08:00,14
CZCE,RS2511,5325.0,5325.0,5325.0,5325.0,53300.0,1,1,2025-06-04 00:00:00+08:00,2025-06-04 00:00:00+08:00,14
CZCE,SA9999,1185.0,1225.0,1232.0,1185.0,49687175900.0,2055706,1377454,2025-06-04 00:00:00+08:00,2025-06-04 00:00:00+08:00,14
CZCE,SA9998,1175.0,1216.0,1223.0,1174.0,7484537400.0,311500,425531,2025-06-04 00:00:00+08:00,2025-06-04 00:00:00+08:00,14
CZCE,SA2506,1226.0,1244.0,1250.0,1226.0,14968700.0,603,6890,2025-06-04 00:00:00+08:00,2025-06-04 00:00:00+08:00,14
CZCE,SA2507,1215.0,1243.0,1252.0,1215.0,343808600.0,13907,28234,2025-06-04 00:00:00+08:00,2025-06-04 00:00:00+08:00,14
CZCE,SA2508,1208.0,1236.0,1245.0,1208.0,70573300.0,2864,11389,2025-06-04 00:00:00+08:00,2025-06-04 00:00:00+08:00,14
CZCE,SA2509,1185.0,1225.0,1232.0,1185.0,49687175900.0,2055706,1377454,2025-06-04 00:00:00+08:00,2025-06-04 00:00:00+08:00,14
CZCE,SA2510,1205.0,1235.0,1245.0,1202.0,87025900.0,3557,8431,2025-06-04 00:00:00+08:00,2025-06-04 00:00:00+08:00,14
CZCE,SA2511,1186.0,1219.0,1227.0,1186.0,100192100.0,4161,11145,2025-06-04 00:00:00+08:00,2025-06-04 00:00:00+08:00,14
CZCE,SA2512,1202.0,1236.0,1244.0,1199.0,44938500.0,1837,7975,2025-06-04 00:00:00+08:00,2025-06-04 00:00:00+08:00,14
CZCE,SA2601,1175.0,1216.0,1223.0,1174.0,7484537400.0,311500,425531,2025-06-04 00:00:00+08:00,2025-06-04 00:00:00+08:00,14
CZCE,SA2602,1208.0,1245.0,1251.0,1208.0,22794300.0,925,10072,2025-06-04 00:00:00+08:00,2025-06-04 00:00:00+08:00,14
CZCE,SA2603,1211.0,1242.0,1248.0,1206.0,38880200.0,1581,6749,2025-06-04 00:00:00+08:00,2025-06-04 00:00:00+08:00,14
CZCE,SA2604,1240.0,1264.0,1272.0,1235.0,15635700.0,623,1618,2025-06-04 00:00:00+08:00,2025-06-04 00:00:00+08:00,14
CZCE,SA2605,1222.0,1253.0,1256.0,1220.0,61392200.0,2471,6191,2025-06-04 00:00:00+08:00,2025-06-04 00:00:00+08:00,14
CZCE,SF9999,5242.0,5258.0,5282.0,5184.0,3193899200.0,122143,121437,2025-06-04 00:00:00+08:00,2025-06-04 00:00:00+08:00,14
CZCE,SF9998,5124.0,5146.0,5170.0,5070.0,3113908200.0,121809,204082,2025-06-04 00:00:00+08:00,2025-06-04 00:00:00+08:00,14
CZCE,SF2506,5106.0,5150.0,5200.0,5106.0,2440300.0,95,3994,2025-06-04 00:00:00+08:00,2025-06-04 00:00:00+08:00,14
CZCE,SF2507,5242.0,5258.0,5282.0,5184.0,3193899200.0,122143,121437,2025-06-04 00:00:00+08:00,2025-06-04 00:00:00+08:00,14
CZCE,SF2508,5166.0,5178.0,5202.0,5104.0,538030700.0,20945,41614,2025-06-04 00:00:00+08:00,2025-06-04 00:00:00+08:00,14
CZCE,SF2509,5124.0,5146.0,5170.0,5070.0,3113908200.0,121809,204082,2025-06-04 00:00:00+08:00,2025-06-04 00:00:00+08:00,14
CZCE,SF2510,5054.0,5068.0,5090.0,4994.0,505684000.0,20115,38625,2025-06-04 00:00:00+08:00,2025-06-04 00:00:00+08:00,14
CZCE,SF2511,5194.0,5200.0,5218.0,5122.0,274160900.0,10643,24576,2025-06-04 00:00:00+08:00,2025-06-04 00:00:00+08:00,14
CZCE,SF2512,5120.0,5164.0,5170.0,5102.0,1747500.0,68,1100,2025-06-04 00:00:00+08:00,2025-06-04 00:00:00+08:00,14
CZCE,SF2601,5146.0,5158.0,5176.0,5082.0,31486400.0,1229,6821,2025-06-04 00:00:00+08:00,2025-06-04 00:00:00+08:00,14
CZCE,SF2602,5092.0,5082.0,5112.0,5028.0,2860600.0,113,729,2025-06-04 00:00:00+08:00,2025-06-04 00:00:00+08:00,14
CZCE,SF2603,5182.0,5210.0,5212.0,5154.0,700200.0,27,93,2025-06-04 00:00:00+08:00,2025-06-04 00:00:00+08:00,14
CZCE,SF2604,5172.0,5190.0,5190.0,5140.0,103400.0,4,44,2025-06-04 00:00:00+08:00,2025-06-04 00:00:00+08:00,14
CZCE,SF2605,5168.0,5174.0,5188.0,5112.0,1260200.0,49,210,2025-06-04 00:00:00+08:00,2025-06-04 00:00:00+08:00,14
CZCE,SH9999,2370.0,2367.0,2379.0,2334.0,37162031900.0,526576,170307,2025-06-04 00:00:00+08:00,2025-06-04 00:00:00+08:00,14
CZCE,SH9998,2408.0,2392.0,2415.0,2361.0,1129860400.0,15798,16683,2025-06-04 00:00:00+08:00,2025-06-04 00:00:00+08:00,14
CZCE,SH2506,2659.0,2691.0,2735.0,2583.0,7630700.0,95,12,2025-06-04 00:00:00+08:00,2025-06-04 00:00:00+08:00,14
CZCE,SH2507,2495.0,2455.0,2495.0,2424.0,2187081300.0,29702,11328,2025-06-04 00:00:00+08:00,2025-06-04 00:00:00+08:00,14
CZCE,SH2508,2408.0,2392.0,2415.0,2361.0,1129860400.0,15798,16683,2025-06-04 00:00:00+08:00,2025-06-04 00:00:00+08:00,14
CZCE,SH2509,2370.0,2367.0,2379.0,2334.0,37162031900.0,526576,170307,2025-06-04 00:00:00+08:00,2025-06-04 00:00:00+08:00,14
CZCE,SH2510,2367.0,2371.0,2385.0,2337.0,712410900.0,10071,8528,2025-06-04 00:00:00+08:00,2025-06-04 00:00:00+08:00,14
CZCE,SH2511,2324.0,2345.0,2359.0,2301.0,455014800.0,6512,8174,2025-06-04 00:00:00+08:00,2025-06-04 00:00:00+08:00,14
CZCE,SH2512,2304.0,2338.0,2349.0,2284.0,25088900.0,362,531,2025-06-04 00:00:00+08:00,2025-06-04 00:00:00+08:00,14
CZCE,SH2601,2269.0,2307.0,2312.0,2250.0,820306100.0,12004,12766,2025-06-04 00:00:00+08:00,2025-06-04 00:00:00+08:00,14
CZCE,SH2602,2323.0,2322.0,2333.0,2277.0,8207200.0,119,773,2025-06-04 00:00:00+08:00,2025-06-04 00:00:00+08:00,14
CZCE,SH2603,2334.0,2334.0,2334.0,2288.0,3671600.0,53,695,2025-06-04 00:00:00+08:00,2025-06-04 00:00:00+08:00,14
CZCE,SH2604,2326.0,2372.0,2372.0,2324.0,2105000.0,30,204,2025-06-04 00:00:00+08:00,2025-06-04 00:00:00+08:00,14
CZCE,SH2605,2324.0,2347.0,2361.0,2306.0,13552100.0,194,375,2025-06-04 00:00:00+08:00,2025-06-04 00:00:00+08:00,14
CZCE,SM9999,5456.0,5502.0,5532.0,5398.0,8588626700.0,314831,487679,2025-06-04 00:00:00+08:00,2025-06-04 00:00:00+08:00,14
CZCE,SM9998,5422.0,5486.0,5516.0,5374.0,594988200.0,21928,43783,2025-06-04 00:00:00+08:00,2025-06-04 00:00:00+08:00,14
CZCE,SM2506,5372.0,5460.0,5490.0,5370.0,33917200.0,1252,13118,2025-06-04 00:00:00+08:00,2025-06-04 00:00:00+08:00,14
CZCE,SM2507,5422.0,5486.0,5516.0,5374.0,594988200.0,21928,43783,2025-06-04 00:00:00+08:00,2025-06-04 00:00:00+08:00,14
CZCE,SM2508,5436.0,5496.0,5524.0,5386.0,733963100.0,26998,32948,2025-06-04 00:00:00+08:00,2025-06-04 00:00:00+08:00,14
CZCE,SM2509,5456.0,5502.0,5532.0,5398.0,8588626700.0,314831,487679,2025-06-04 00:00:00+08:00,2025-06-04 00:00:00+08:00,14
CZCE,SM2510,5458.0,5490.0,5514.0,5390.0,373306200.0,13734,18047,2025-06-04 00:00:00+08:00,2025-06-04 00:00:00+08:00,14
CZCE,SM2511,5532.0,5568.0,5590.0,5466.0,385348800.0,13970,17544,2025-06-04 00:00:00+08:00,2025-06-04 00:00:00+08:00,14
CZCE,SM2601,5490.0,5542.0,5564.0,5436.0,262259700.0,9539,41471,2025-06-04 00:00:00+08:00,2025-06-04 00:00:00+08:00,14
CZCE,SM2602,5488.0,5554.0,5558.0,5466.0,1536500.0,56,629,2025-06-04 00:00:00+08:00,2025-06-04 00:00:00+08:00,14
CZCE,SM2603,5552.0,5546.0,5568.0,5530.0,166700.0,6,250,2025-06-04 00:00:00+08:00,2025-06-04 00:00:00+08:00,14
CZCE,SM2604,5566.0,5570.0,5572.0,5566.0,111400.0,4,96,2025-06-04 00:00:00+08:00,2025-06-04 00:00:00+08:00,14
CZCE,SM2605,5542.0,5576.0,5600.0,5482.0,4620200.0,167,430,2025-06-04 00:00:00+08:00,2025-06-04 00:00:00+08:00,14
CZCE,SR9999,5733.0,5748.0,5754.0,5712.0,9020309300.0,157372,335901,2025-06-04 00:00:00+08:00,2025-06-04 00:00:00+08:00,14
CZCE,SR9998,5617.0,5624.0,5630.0,5597.0,618115100.0,11015,51085,2025-06-04 00:00:00+08:00,2025-06-04 00:00:00+08:00,14
CZCE,SR2507,5864.0,5871.0,5875.0,5836.0,357743500.0,6108,25542,2025-06-04 00:00:00+08:00,2025-06-04 00:00:00+08:00,14
CZCE,SR2509,5733.0,5748.0,5754.0,5712.0,9020309300.0,157372,335901,2025-06-04 00:00:00+08:00,2025-06-04 00:00:00+08:00,14
CZCE,SR2511,5661.0,5672.0,5677.0,5639.0,858572600.0,15180,19173,2025-06-04 00:00:00+08:00,2025-06-04 00:00:00+08:00,14
CZCE,SR2601,5617.0,5624.0,5630.0,5597.0,618115100.0,11015,51085,2025-06-04 00:00:00+08:00,2025-06-04 00:00:00+08:00,14
CZCE,SR2603,5591.0,5594.0,5600.0,5572.0,6977400.0,125,3288,2025-06-04 00:00:00+08:00,2025-06-04 00:00:00+08:00,14
CZCE,SR2605,5585.0,5588.0,5594.0,5564.0,13272300.0,238,965,2025-06-04 00:00:00+08:00,2025-06-04 00:00:00+08:00,14
CZCE,TA9999,4650.0,4670.0,4714.0,4628.0,29353150700.0,1257362,1206309,2025-06-04 00:00:00+08:00,2025-06-04 00:00:00+08:00,14
CZCE,TA9998,4510.0,4532.0,4556.0,4480.0,2758786100.0,122016,371278,2025-06-04 00:00:00+08:00,2025-06-04 00:00:00+08:00,14
CZCE,TA2506,4862.0,4886.0,4914.0,4850.0,36630500.0,1501,56785,2025-06-04 00:00:00+08:00,2025-06-04 00:00:00+08:00,14
CZCE,TA2507,4772.0,4794.0,4832.0,4752.0,1573947700.0,65761,117894,2025-06-04 00:00:00+08:00,2025-06-04 00:00:00+08:00,14
CZCE,TA2508,4690.0,4716.0,4758.0,4676.0,653731200.0,27728,16378,2025-06-04 00:00:00+08:00,2025-06-04 00:00:00+08:00,14
CZCE,TA2509,4650.0,4670.0,4714.0,4628.0,29353150700.0,1257362,1206309,2025-06-04 00:00:00+08:00,2025-06-04 00:00:00+08:00,14
CZCE,TA2510,4610.0,4626.0,4674.0,4582.0,167966700.0,7252,8658,2025-06-04 00:00:00+08:00,2025-06-04 00:00:00+08:00,14
CZCE,TA2511,4570.0,4592.0,4632.0,4546.0,121294600.0,5283,9401,2025-06-04 00:00:00+08:00,2025-06-04 00:00:00+08:00,14
CZCE,TA2512,4538.0,4562.0,4578.0,4514.0,1137000.0,50,695,2025-06-04 00:00:00+08:00,2025-06-04 00:00:00+08:00,14
CZCE,TA2601,4510.0,4532.0,4556.0,4480.0,2758786100.0,122016,371278,2025-06-04 00:00:00+08:00,2025-06-04 00:00:00+08:00,14
CZCE,TA2602,4508.0,4512.0,4550.0,4508.0,203700.0,9,193,2025-06-04 00:00:00+08:00,2025-06-04 00:00:00+08:00,14
CZCE,TA2603,4504.0,4542.0,4562.0,4498.0,316500.0,14,1950,2025-06-04 00:00:00+08:00,2025-06-04 00:00:00+08:00,14
CZCE,TA2604,4508.0,4556.0,4556.0,4502.0,271400.0,12,79,2025-06-04 00:00:00+08:00,2025-06-04 00:00:00+08:00,14
CZCE,TA2605,4526.0,4558.0,4568.0,4494.0,4917300.0,217,569,2025-06-04 00:00:00+08:00,2025-06-04 00:00:00+08:00,14
CZCE,UR9999,1780.0,1774.0,1788.0,1761.0,5801262800.0,163567,219590,2025-06-04 00:00:00+08:00,2025-06-04 00:00:00+08:00,14
CZCE,UR9998,1710.0,1706.0,1718.0,1694.0,577160000.0,16920,45889,2025-06-04 00:00:00+08:00,2025-06-04 00:00:00+08:00,14
CZCE,UR2506,1775.0,1757.0,1775.0,1757.0,2975300.0,84,414,2025-06-04 00:00:00+08:00,2025-06-04 00:00:00+08:00,14
CZCE,UR2507,1789.0,1784.0,1796.0,1773.0,11706200.0,328,1859,2025-06-04 00:00:00+08:00,2025-06-04 00:00:00+08:00,14
CZCE,UR2508,1785.0,1779.0,1790.0,1767.0,3376100.0,95,849,2025-06-04 00:00:00+08:00,2025-06-04 00:00:00+08:00,14
CZCE,UR2509,1780.0,1774.0,1788.0,1761.0,5801262800.0,163567,219590,2025-06-04 00:00:00+08:00,2025-06-04 00:00:00+08:00,14
CZCE,UR2510,1767.0,1763.0,1770.0,1751.0,4850900.0,138,800,2025-06-04 00:00:00+08:00,2025-06-04 00:00:00+08:00,14
CZCE,UR2511,1750.0,1760.0,1760.0,1745.0,175100.0,5,402,2025-06-04 00:00:00+08:00,2025-06-04 00:00:00+08:00,14
CZCE,UR2512,1725.0,1725.0,1725.0,1725.0,34500.0,1,92,2025-06-04 00:00:00+08:00,2025-06-04 00:00:00+08:00,14
CZCE,UR2601,1710.0,1706.0,1718.0,1694.0,577160000.0,16920,45889,2025-06-04 00:00:00+08:00,2025-06-04 00:00:00+08:00,14
CZCE,UR2602,1699.0,1701.0,1710.0,1690.0,3817900.0,112,805,2025-06-04 00:00:00+08:00,2025-06-04 00:00:00+08:00,14
CZCE,UR2603,1727.0,1729.0,1740.0,1715.0,1794900.0,52,492,2025-06-04 00:00:00+08:00,2025-06-04 00:00:00+08:00,14
CZCE,UR2604,1727.0,1729.0,1738.0,1715.0,861200.0,25,309,2025-06-04 00:00:00+08:00,2025-06-04 00:00:00+08:00,14
CZCE,UR2605,1729.0,1729.0,1730.0,1715.0,3930900.0,114,636,2025-06-04 00:00:00+08:00,2025-06-04 00:00:00+08:00,14
DCE,a9999,4128.0,4123.0,4137.0,4103.0,4156038950.0,100927,119715,2025-06-04 00:00:00+08:00,2025-06-04 00:00:00+08:00,14
DCE,a9998,4121.0,4101.0,4124.0,4082.0,2303609390.0,56198,117848,2025-06-04 00:00:00+08:00,2025-06-04 00:00:00+08:00,14
DCE,b9999,3541.0,3540.0,3558.0,3523.0,4629699470.0,130790,125797,2025-06-04 00:00:00+08:00,2025-06-04 00:00:00+08:00,14
DCE,b9998,3500.0,3497.0,3514.0,3478.0,257481110.0,7367,60674,2025-06-04 00:00:00+08:00,2025-06-04 00:00:00+08:00,14
DCE,bb9999,156.3,154.5,156.95,152.8,3465125.0,45,55,2025-06-04 00:00:00+08:00,2025-06-04 00:00:00+08:00,14
DCE,bb9998,182.8,183.2,183.45,180.2,8104950.0,89,45,2025-06-04 00:00:00+08:00,2025-06-04 00:00:00+08:00,14
DCE,c9999,2326.0,2333.0,2337.0,2319.0,9948177680.0,427404,1017104,2025-06-04 00:00:00+08:00,2025-06-04 00:00:00+08:00,14
DCE,c9998,2354.0,2356.0,2359.0,2345.0,2732167580.0,116174,553240,2025-06-04 00:00:00+08:00,2025-06-04 00:00:00+08:00,14
DCE,cs9999,2652.0,2664.0,2670.0,2646.0,2314087240.0,87103,218022,2025-06-04 00:00:00+08:00,2025-06-04 00:00:00+08:00,14
DCE,cs9998,2727.0,2733.0,2737.0,2719.0,610047770.0,22369,51956,2025-06-04 00:00:00+08:00,2025-06-04 00:00:00+08:00,14
DCE,eb9999,7032.0,7090.0,7143.0,7005.0,16162997940.0,456927,297614,2025-06-04 00:00:00+08:00,2025-06-04 00:00:00+08:00,14
DCE,eb9998,6967.0,7012.0,7053.0,6931.0,2346211880.0,67100,120626,2025-06-04 00:00:00+08:00,2025-06-04 00:00:00+08:00,14
DCE,eg9999,4310.0,4292.0,4323.0,4255.0,14293099760.0,333282,286026,2025-06-04 00:00:00+08:00,2025-06-04 00:00:00+08:00,14
DCE,eg9998,4267.0,4262.0,4286.0,4221.0,1613902880.0,37983,43543,2025-06-04 00:00:00+08:00,2025-06-04 00:00:00+08:00,14
DCE,fb9999,1286.0,1285.5,1292.0,1279.5,3872755.0,301,301,2025-06-04 00:00:00+08:00,2025-06-04 00:00:00+08:00,14
DCE,fb9998,1305.0,1291.0,1305.0,1288.5,4994575.0,386,257,2025-06-04 00:00:00+08:00,2025-06-04 00:00:00+08:00,14
DCE,i9999,697.5,704.5,708.0,695.0,32409447650.0,461519,716276,2025-06-04 00:00:00+08:00,2025-06-04 00:00:00+08:00,14
DCE,i9998,658.0,666.0,670.0,657.0,3550303550.0,53430,178645,2025-06-04 00:00:00+08:00,2025-06-04 00:00:00+08:00,14
DCE,j9999,1297.0,1367.5,1375.0,1297.0,6206646200.0,46507,54617,2025-06-04 00:00:00+08:00,2025-06-04 00:00:00+08:00,14
DCE,j9998,1326.0,1376.0,1383.0,1324.5,293564600.0,2170,3254,2025-06-04 00:00:00+08:00,2025-06-04 00:00:00+08:00,14
DCE,jd9999,2890.0,2877.0,2906.0,2857.0,4476446500.0,155405,119566,2025-06-04 00:00:00+08:00,2025-06-04 00:00:00+08:00,14
DCE,jd9998,3573.0,3578.0,3595.0,3546.0,3227991600.0,90424,178752,2025-06-04 00:00:00+08:00,2025-06-04 00:00:00+08:00,14
DCE,jm9999,721.0,768.0,772.5,721.0,63877833990.0,1429492,560831,2025-06-04 00:00:00+08:00,2025-06-04 00:00:00+08:00,14
DCE,jm9998,739.5,786.0,788.0,738.0,4523213760.0,98673,90670,2025-06-04 00:00:00+08:00,2025-06-04 00:00:00+08:00,14
DCE,l9999,6975.0,7049.0,7060.0,6965.0,12066187680.0,344165,555015,2025-06-04 00:00:00+08:00,2025-06-04 00:00:00+08:00,14
DCE,l9998,6942.0,7018.0,7026.0,6934.0,1192055370.0,34165,111229,2025-06-04 00:00:00+08:00,2025-06-04 00:00:00+08:00,14
DCE,lg9999,766.0,758.5,768.0,752.5,1458028530.0,21347,28140,2025-06-04 00:00:00+08:00,2025-06-04 00:00:00+08:00,14
DCE,lg9998,785.0,777.0,788.5,770.0,389436255.0,5574,9720,2025-06-04 00:00:00+08:00,2025-06-04 00:00:00+08:00,14
DCE,lh9999,13500.0,13490.0,13520.0,13390.0,5407132320.0,25112,78586,2025-06-04 00:00:00+08:00,2025-06-04 00:00:00+08:00,14
DCE,lh9998,13290.0,13325.0,13345.0,13230.0,1179936480.0,5550,37250,2025-06-04 00:00:00+08:00,2025-06-04 00:00:00+08:00,14
DCE,m9999,2938.0,2939.0,2948.0,2925.0,27288481270.0,928744,2224255,2025-06-04 00:00:00+08:00,2025-06-04 00:00:00+08:00,14
DCE,m9998,2985.0,2984.0,2996.0,2976.0,4459880670.0,149351,724410,2025-06-04 00:00:00+08:00,2025-06-04 00:00:00+08:00,14
DCE,p9999,8190.0,8130.0,8210.0,8102.0,53520915680.0,656196,432781,2025-06-04 00:00:00+08:00,2025-06-04 00:00:00+08:00,14
DCE,p9998,8152.0,8086.0,8158.0,8064.0,2351093920.0,29001,100583,2025-06-04 00:00:00+08:00,2025-06-04 00:00:00+08:00,14
DCE,pg9999,4081.0,4088.0,4095.0,4039.0,5082464800.0,62426,64072,2025-06-04 00:00:00+08:00,2025-06-04 00:00:00+08:00,14
DCE,pg9998,3981.0,3994.0,3999.0,3951.0,732903700.0,9208,38131,2025-06-04 00:00:00+08:00,2025-06-04 00:00:00+08:00,14
DCE,pp9999,6876.0,6948.0,6953.0,6876.0,10252930585.0,296705,513164,2025-06-04 00:00:00+08:00,2025-06-04 00:00:00+08:00,14
DCE,pp9998,6822.0,6887.0,6887.0,6814.0,902451815.0,26359,80356,2025-06-04 00:00:00+08:00,2025-06-04 00:00:00+08:00,14
DCE,rr9999,3626.0,3632.0,3639.0,3621.0,48940060.0,1348,6645,2025-06-04 00:00:00+08:00,2025-06-04 00:00:00+08:00,14
DCE,rr9998,3622.0,3629.0,3639.0,3622.0,35133560.0,968,4751,2025-06-04 00:00:00+08:00,2025-06-04 00:00:00+08:00,14
DCE,v9999,4731.0,4834.0,4849.0,4731.0,31091945205.0,1300611,986723,2025-06-04 00:00:00+08:00,2025-06-04 00:00:00+08:00,14
DCE,v9998,4770.0,4871.0,4885.0,4756.0,2162571330.0,89794,178876,2025-06-04 00:00:00+08:00,2025-06-04 00:00:00+08:00,14
DCE,y9999,7706.0,7688.0,7722.0,7658.0,27390938940.0,356149,579312,2025-06-04 00:00:00+08:00,2025-06-04 00:00:00+08:00,14
DCE,y9998,7666.0,7646.0,7680.0,7626.0,2554569540.0,33397,161696,2025-06-04 00:00:00+08:00,2025-06-04 00:00:00+08:00,14
DCE,a2507,4128.0,4123.0,4137.0,4103.0,4156038950.0,100927,119715,2025-06-04 00:00:00+08:00,2025-06-04 00:00:00+08:00,14
DCE,a2509,4121.0,4101.0,4124.0,4082.0,2303609390.0,56198,117848,2025-06-04 00:00:00+08:00,2025-06-04 00:00:00+08:00,14
DCE,a2511,4043.0,4019.0,4045.0,4005.0,364431260.0,9059,48968,2025-06-04 00:00:00+08:00,2025-06-04 00:00:00+08:00,14
DCE,a2601,4039.0,4014.0,4041.0,3999.0,127413930.0,3172,10466,2025-06-04 00:00:00+08:00,2025-06-04 00:00:00+08:00,14
DCE,a2603,4035.0,4011.0,4036.0,3997.0,160930470.0,4012,10345,2025-06-04 00:00:00+08:00,2025-06-04 00:00:00+08:00,14
DCE,a2605,4063.0,4044.0,4066.0,4037.0,2631710.0,65,143,2025-06-04 00:00:00+08:00,2025-06-04 00:00:00+08:00,14
DCE,b2506,3366.0,3350.0,3366.0,3350.0,2116800.0,63,2229,2025-06-04 00:00:00+08:00,2025-06-04 00:00:00+08:00,14
DCE,b2507,3406.0,3395.0,3414.0,3383.0,350471670.0,10316,52521,2025-06-04 00:00:00+08:00,2025-06-04 00:00:00+08:00,14
DCE,b2508,3500.0,3497.0,3514.0,3478.0,257481110.0,7367,60674,2025-06-04 00:00:00+08:00,2025-06-04 00:00:00+08:00,14
DCE,b2509,3541.0,3540.0,3558.0,3523.0,4629699470.0,130790,125797,2025-06-04 00:00:00+08:00,2025-06-04 00:00:00+08:00,14
DCE,b2510,3594.0,3593.0,3605.0,3576.0,128688530.0,3586,25480,2025-06-04 00:00:00+08:00,2025-06-04 00:00:00+08:00,14
DCE,b2511,3603.0,3600.0,3614.0,3584.0,143144390.0,3979,3845,2025-06-04 00:00:00+08:00,2025-06-04 00:00:00+08:00,14
DCE,b2512,3617.0,3616.0,3626.0,3600.0,2096900.0,58,162,2025-06-04 00:00:00+08:00,2025-06-04 00:00:00+08:00,14
DCE,b2601,3600.0,3598.0,3613.0,3584.0,21970330.0,611,2402,2025-06-04 00:00:00+08:00,2025-06-04 00:00:00+08:00,14
DCE,b2602,3566.0,3562.0,3571.0,3548.0,641180.0,18,210,2025-06-04 00:00:00+08:00,2025-06-04 00:00:00+08:00,14
DCE,b2603,3478.0,3477.0,3487.0,3468.0,1496070.0,43,973,2025-06-04 00:00:00+08:00,2025-06-04 00:00:00+08:00,14
DCE,b2604,3401.0,3398.0,3409.0,3392.0,918060.0,27,347,2025-06-04 00:00:00+08:00,2025-06-04 00:00:00+08:00,14
DCE,b2605,3336.0,3332.0,3348.0,3332.0,4740640.0,142,3374,2025-06-04 00:00:00+08:00,2025-06-04 00:00:00+08:00,14
DCE,bb2509,182.8,183.2,183.45,180.2,8104950.0,89,45,2025-06-04 00:00:00+08:00,2025-06-04 00:00:00+08:00,14
DCE,bb2511,156.3,154.5,156.95,152.8,3465125.0,45,55,2025-06-04 00:00:00+08:00,2025-06-04 00:00:00+08:00,14
DCE,c2507,2326.0,2333.0,2337.0,2319.0,9948177680.0,427404,1017104,2025-06-04 00:00:00+08:00,2025-06-04 00:00:00+08:00,14
DCE,c2509,2354.0,2356.0,2359.0,2345.0,2732167580.0,116174,553240,2025-06-04 00:00:00+08:00,2025-06-04 00:00:00+08:00,14
DCE,c2511,2284.0,2284.0,2290.0,2279.0,492753150.0,21577,237971,2025-06-04 00:00:00+08:00,2025-06-04 00:00:00+08:00,14
DCE,c2601,2240.0,2241.0,2246.0,2237.0,172419020.0,7693,69031,2025-06-04 00:00:00+08:00,2025-06-04 00:00:00+08:00,14
DCE,c2603,2235.0,2232.0,2237.0,2229.0,259551740.0,11627,41993,2025-06-04 00:00:00+08:00,2025-06-04 00:00:00+08:00,14
DCE,c2605,2256.0,2254.0,2259.0,2252.0,11567240.0,513,3692,2025-06-04 00:00:00+08:00,2025-06-04 00:00:00+08:00,14
DCE,cs2507,2652.0,2664.0,2670.0,2646.0,2314087240.0,87103,218022,2025-06-04 00:00:00+08:00,2025-06-04 00:00:00+08:00,14
DCE,cs2509,2727.0,2733.0,2737.0,2719.0,610047770.0,22369,51956,2025-06-04 00:00:00+08:00,2025-06-04 00:00:00+08:00,14
DCE,cs2511,2651.0,2659.0,2664.0,2649.0,179705200.0,6764,41437,2025-06-04 00:00:00+08:00,2025-06-04 00:00:00+08:00,14
DCE,cs2601,2637.0,2643.0,2648.0,2634.0,11356300.0,430,4136,2025-06-04 00:00:00+08:00,2025-06-04 00:00:00+08:00,14
DCE,cs2603,2609.0,2625.0,2632.0,2609.0,85634130.0,3265,9660,2025-06-04 00:00:00+08:00,2025-06-04 00:00:00+08:00,14
DCE,cs2605,2646.0,2642.0,2649.0,2642.0,343980.0,13,72,2025-06-04 00:00:00+08:00,2025-06-04 00:00:00+08:00,14
DCE,eb2506,7186.0,7243.0,7264.0,7185.0,5950535.0,165,8995,2025-06-04 00:00:00+08:00,2025-06-04 00:00:00+08:00,14
DCE,eb2507,7032.0,7090.0,7143.0,7005.0,16162997940.0,456927,297614,2025-06-04 00:00:00+08:00,2025-06-04 00:00:00+08:00,14
DCE,eb2508,6967.0,7012.0,7053.0,6931.0,2346211880.0,67100,120626,2025-06-04 00:00:00+08:00,2025-06-04 00:00:00+08:00,14
DCE,eb2509,6900.0,6948.0,6988.0,6872.0,1446197545.0,41727,91855,2025-06-04 00:00:00+08:00,2025-06-04 00:00:00+08:00,14
DCE,eb2510,6820.0,6872.0,6914.0,6801.0,505101555.0,14734,36169,2025-06-04 00:00:00+08:00,2025-06-04 00:00:00+08:00,14
DCE,eb2511,6785.0,6814.0,6855.0,6746.0,143469405.0,4221,9694,2025-06-04 00:00:00+08:00,2025-06-04 00:00:00+08:00,14
DCE,eb2512,6800.0,6793.0,6833.0,6745.0,10310685.0,304,2019,2025-06-04 00:00:00+08:00,2025-06-04 00:00:00+08:00,14
DCE,eb2601,6757.0,6810.0,6847.0,6754.0,20700115.0,609,4240,2025-06-04 00:00:00+08:00,2025-06-04 00:00:00+08:00,14
DCE,eb2602,6791.0,6812.0,6836.0,6791.0,511700.0,15,336,2025-06-04 00:00:00+08:00,2025-06-04 00:00:00+08:00,14
DCE,eb2603,6869.0,6842.0,6869.0,6789.0,444085.0,13,225,2025-06-04 00:00:00+08:00,2025-06-04 00:00:00+08:00,14
DCE,eb2605,6821.0,6839.0,6888.0,6813.0,341990.0,10,7,2025-06-04 00:00:00+08:00,2025-06-04 00:00:00+08:00,14
DCE,eg2506,4289.0,4288.0,4290.0,4288.0,36548130.0,845,614,2025-06-04 00:00:00+08:00,2025-06-04 00:00:00+08:00,14
DCE,eg2507,4366.0,4316.0,4384.0,4288.0,297882300.0,6883,11267,2025-06-04 00:00:00+08:00,2025-06-04 00:00:00+08:00,14
DCE,eg2508,4340.0,4302.0,4345.0,4273.0,37479520.0,870,857,2025-06-04 00:00:00+08:00,2025-06-04 00:00:00+08:00,14
DCE,eg2509,4310.0,4292.0,4323.0,4255.0,14293099760.0,333282,286026,2025-06-04 00:00:00+08:00,2025-06-04 00:00:00+08:00,14
DCE,eg2510,4301.0,4269.0,4304.0,4251.0,1885270.0,44,582,2025-06-04 00:00:00+08:00,2025-06-04 00:00:00+08:00,14
DCE,eg2511,4294.0,4266.0,4303.0,4243.0,3120010.0,73,553,2025-06-04 00:00:00+08:00,2025-06-04 00:00:00+08:00,14
DCE,eg2512,4277.0,4259.0,4277.0,4234.0,892530.0,21,121,2025-06-04 00:00:00+08:00,2025-06-04 00:00:00+08:00,14
DCE,eg2601,4267.0,4262.0,4286.0,4221.0,1613902880.0,37983,43543,2025-06-04 00:00:00+08:00,2025-06-04 00:00:00+08:00,14
DCE,eg2602,4252.0,4256.0,4256.0,4231.0,297040.0,7,22,2025-06-04 00:00:00+08:00,2025-06-04 00:00:00+08:00,14
DCE,eg2603,4259.0,4257.0,4259.0,4250.0,212730.0,5,19,2025-06-04 00:00:00+08:00,2025-06-04 00:00:00+08:00,14
DCE,eg2605,4236.0,4260.0,4260.0,4236.0,84960.0,2,1,2025-06-04 00:00:00+08:00,2025-06-04 00:00:00+08:00,14
DCE,fb2507,1304.0,1297.5,1304.0,1296.0,545615.0,42,32,2025-06-04 00:00:00+08:00,2025-06-04 00:00:00+08:00,14
DCE,fb2508,1305.0,1291.0,1305.0,1288.5,4994575.0,386,257,2025-06-04 00:00:00+08:00,2025-06-04 00:00:00+08:00,14
DCE,fb2509,1293.0,1286.5,1294.0,1273.0,2399950.0,187,150,2025-06-04 00:00:00+08:00,2025-06-04 00:00:00+08:00,14
DCE,fb2510,1286.0,1285.5,1292.0,1279.5,3872755.0,301,301,2025-06-04 00:00:00+08:00,2025-06-04 00:00:00+08:00,14
DCE,fb2602,1295.5,1295.5,1295.5,1295.5,12955.0,1,1,2025-06-04 00:00:00+08:00,2025-06-04 00:00:00+08:00,14
DCE,i2506,736.0,755.5,755.5,736.0,674800.0,9,503,2025-06-04 00:00:00+08:00,2025-06-04 00:00:00+08:00,14
DCE,i2507,729.0,735.0,738.0,727.0,1509326150.0,20588,51134,2025-06-04 00:00:00+08:00,2025-06-04 00:00:00+08:00,14
DCE,i2508,713.5,720.0,723.0,712.0,642302500.0,8937,59596,2025-06-04 00:00:00+08:00,2025-06-04 00:00:00+08:00,14
DCE,i2509,697.5,704.5,708.0,695.0,32409447650.0,461519,716276,2025-06-04 00:00:00+08:00,2025-06-04 00:00:00+08:00,14
DCE,i2510,690.0,696.0,699.5,688.5,358767800.0,5166,39606,2025-06-04 00:00:00+08:00,2025-06-04 00:00:00+08:00,14
DCE,i2511,680.0,687.0,689.0,678.5,294571550.0,4306,28927,2025-06-04 00:00:00+08:00,2025-06-04 00:00:00+08:00,14
DCE,i2512,671.5,678.0,681.5,669.5,284706700.0,4212,14055,2025-06-04 00:00:00+08:00,2025-06-04 00:00:00+08:00,14
DCE,i2601,658.0,666.0,670.0,657.0,3550303550.0,53430,178645,2025-06-04 00:00:00+08:00,2025-06-04 00:00:00+08:00,14
DCE,i2602,655.5,662.5,665.5,654.0,41351100.0,626,5679,2025-06-04 00:00:00+08:00,2025-06-04 00:00:00+08:00,14
DCE,i2603,653.0,658.5,661.5,650.0,46663450.0,710,4780,2025-06-04 00:00:00+08:00,2025-06-04 00:00:00+08:00,14
DCE,i2604,647.5,655.0,656.5,646.5,46988150.0,720,2411,2025-06-04 00:00:00+08:00,2025-06-04 00:00:00+08:00,14
DCE,i2605,641.5,648.0,650.0,639.5,276387200.0,4282,13499,2025-06-04 00:00:00+08:00,2025-06-04 00:00:00+08:00,14
DCE,j2506,1310.0,1350.0,1350.0,1310.0,659000.0,5,20,2025-06-04 00:00:00+08:00,2025-06-04 00:00:00+08:00,14
DCE,j2507,1300.5,1353.5,1363.0,1300.5,18152250.0,137,99,2025-06-04 00:00:00+08:00,2025-06-04 00:00:00+08:00,14
DCE,j2508,1306.5,1359.0,1365.0,1304.0,20067650.0,152,36,2025-06-04 00:00:00+08:00,2025-06-04 00:00:00+08:00,14
DCE,j2509,1297.0,1367.5,1375.0,1297.0,6206646200.0,46507,54617,2025-06-04 00:00:00+08:00,2025-06-04 00:00:00+08:00,14
DCE,j2601,1326.0,1376.0,1383.0,1324.5,293564600.0,2170,3254,2025-06-04 00:00:00+08:00,2025-06-04 00:00:00+08:00,14
DCE,j2602,1352.0,1352.0,1352.0,1352.0,408850.0,3,12,2025-06-04 00:00:00+08:00,2025-06-04 00:00:00+08:00,14
DCE,j2603,1348.5,1348.5,1348.5,1348.5,269300.0,2,5,2025-06-04 00:00:00+08:00,2025-06-04 00:00:00+08:00,14
DCE,j2605,1357.0,1382.5,1385.0,1347.5,9720650.0,71,139,2025-06-04 00:00:00+08:00,2025-06-04 00:00:00+08:00,14
DCE,jd2506,2643.0,2687.0,2687.0,2642.0,371210.0,14,146,2025-06-04 00:00:00+08:00,2025-06-04 00:00:00+08:00,14
DCE,jd2507,2890.0,2877.0,2906.0,2857.0,4476446500.0,155405,119566,2025-06-04 00:00:00+08:00,2025-06-04 00:00:00+08:00,14
DCE,jd2508,3573.0,3578.0,3595.0,3546.0,3227991600.0,90424,178752,2025-06-04 00:00:00+08:00,2025-06-04 00:00:00+08:00,14
DCE,jd2509,3720.0,3730.0,3734.0,3706.0,1055065740.0,28349,100295,2025-06-04 00:00:00+08:00,2025-06-04 00:00:00+08:00,14
DCE,jd2510,3485.0,3488.0,3489.0,3475.0,302852010.0,8693,50805,2025-06-04 00:00:00+08:00,2025-06-04 00:00:00+08:00,14
DCE,jd2511,3429.0,3442.0,3447.0,3426.0,164913730.0,4797,12314,2025-06-04 00:00:00+08:00,2025-06-04 00:00:00+08:00,14
DCE,jd2512,3520.0,3518.0,3524.0,3508.0,43793810.0,1245,10466,2025-06-04 00:00:00+08:00,2025-06-04 00:00:00+08:00,14
DCE,jd2601,3527.0,3534.0,3539.0,3522.0,77795710.0,2203,25088,2025-06-04 00:00:00+08:00,2025-06-04 00:00:00+08:00,14
DCE,jd2602,3136.0,3138.0,3139.0,3132.0,19192140.0,612,5616,2025-06-04 00:00:00+08:00,2025-06-04 00:00:00+08:00,14
DCE,jd2603,3141.0,3141.0,3142.0,3135.0,4926820.0,157,2805,2025-06-04 00:00:00+08:00,2025-06-04 00:00:00+08:00,14
DCE,jd2604,3260.0,3261.0,3264.0,3260.0,2120390.0,65,920,2025-06-04 00:00:00+08:00,2025-06-04 00:00:00+08:00,14
DCE,jd2605,3303.0,3301.0,3307.0,3298.0,11356440.0,344,2704,2025-06-04 00:00:00+08:00,2025-06-04 00:00:00+08:00,14
DCE,jm2506,630.5,657.0,657.0,630.0,154440.0,4,122,2025-06-04 00:00:00+08:00,2025-06-04 00:00:00+08:00,14
DCE,jm2507,725.0,756.0,759.0,725.0,424572000.0,9567,10414,2025-06-04 00:00:00+08:00,2025-06-04 00:00:00+08:00,14
DCE,jm2508,720.0,757.0,761.5,720.0,176261340.0,3975,8246,2025-06-04 00:00:00+08:00,2025-06-04 00:00:00+08:00,14
DCE,jm2509,721.0,768.0,772.5,721.0,63877833990.0,1429492,560831,2025-06-04 00:00:00+08:00,2025-06-04 00:00:00+08:00,14
DCE,jm2510,724.5,776.5,780.0,724.5,122587260.0,2721,4825,2025-06-04 00:00:00+08:00,2025-06-04 00:00:00+08:00,14
DCE,jm2511,732.5,783.0,786.0,732.5,58361970.0,1285,1243,2025-06-04 00:00:00+08:00,2025-06-04 00:00:00+08:00,14
DCE,jm2512,736.5,786.0,788.0,736.5,13001130.0,286,967,2025-06-04 00:00:00+08:00,2025-06-04 00:00:00+08:00,14
DCE,jm2601,739.5,786.0,788.0,738.0,4523213760.0,98673,90670,2025-06-04 00:00:00+08:00,2025-06-04 00:00:00+08:00,14
DCE,jm2602,752.5,791.5,791.5,750.0,5195550.0,113,179,2025-06-04 00:00:00+08:00,2025-06-04 00:00:00+08:00,14
DCE,jm2603,757.0,798.5,804.0,757.0,10189740.0,219,417,2025-06-04 00:00:00+08:00,2025-06-04 00:00:00+08:00,14
DCE,jm2604,765.0,804.0,808.0,765.0,8985210.0,191,276,2025-06-04 00:00:00+08:00,2025-06-04 00:00:00+08:00,14
DCE,jm2605,767.5,804.5,808.0,766.0,132974730.0,2810,3274,2025-06-04 00:00:00+08:00,2025-06-04 00:00:00+08:00,14
DCE,l2506,7015.0,6982.0,7030.0,6982.0,2840110.0,81,1711,2025-06-04 00:00:00+08:00,2025-06-04 00:00:00+08:00,14
DCE,l2507,6973.0,7061.0,7068.0,6973.0,372026020.0,10574,7151,2025-06-04 00:00:00+08:00,2025-06-04 00:00:00+08:00,14
DCE,l2508,6992.0,7063.0,7070.0,6988.0,80098255.0,2278,10115,2025-06-04 00:00:00+08:00,2025-06-04 00:00:00+08:00,14
DCE,l2509,6975.0,7049.0,7060.0,6965.0,12066187680.0,344165,555015,2025-06-04 00:00:00+08:00,2025-06-04 00:00:00+08:00,14
DCE,l2510,6955.0,7028.0,7038.0,6949.0,89711205.0,2564,8022,2025-06-04 00:00:00+08:00,2025-06-04 00:00:00+08:00,14
DCE,l2511,6956.0,7022.0,7037.0,6955.0,14557430.0,416,764,2025-06-04 00:00:00+08:00,2025-06-04 00:00:00+08:00,14
DCE,l2512,6955.0,7028.0,7028.0,6953.0,1678590.0,48,532,2025-06-04 00:00:00+08:00,2025-06-04 00:00:00+08:00,14
DCE,l2601,6942.0,7018.0,7026.0,6934.0,1192055370.0,34165,111229,2025-06-04 00:00:00+08:00,2025-06-04 00:00:00+08:00,14
DCE,l2602,6936.0,7007.0,7007.0,6932.0,871365.0,25,378,2025-06-04 00:00:00+08:00,2025-06-04 00:00:00+08:00,14
DCE,l2603,6948.0,6980.0,6986.0,6943.0,208985.0,6,162,2025-06-04 00:00:00+08:00,2025-06-04 00:00:00+08:00,14
DCE,l2604,6969.0,7009.0,7009.0,6969.0,69890.0,2,116,2025-06-04 00:00:00+08:00,2025-06-04 00:00:00+08:00,14
DCE,l2605,6935.0,7000.0,7014.0,6931.0,4775260.0,137,573,2025-06-04 00:00:00+08:00,2025-06-04 00:00:00+08:00,14
DCE,lg2507,766.0,758.5,768.0,752.5,1458028530.0,21347,28140,2025-06-04 00:00:00+08:00,2025-06-04 00:00:00+08:00,14
DCE,lg2509,785.0,777.0,788.5,770.0,389436255.0,5574,9720,2025-06-04 00:00:00+08:00,2025-06-04 00:00:00+08:00,14
DCE,lg2511,792.0,784.5,792.0,777.5,31281210.0,444,1158,2025-06-04 00:00:00+08:00,2025-06-04 00:00:00+08:00,14
DCE,lg2601,804.0,801.5,805.5,796.5,4031820.0,56,134,2025-06-04 00:00:00+08:00,2025-06-04 00:00:00+08:00,14
DCE,lg2603,803.0,806.5,806.5,801.0,722340.0,10,14,2025-06-04 00:00:00+08:00,2025-06-04 00:00:00+08:00,14
DCE,lg2605,802.0,802.0,802.0,802.0,72180.0,1,1,2025-06-04 00:00:00+08:00,2025-06-04 00:00:00+08:00,14
DCE,lh2507,13200.0,13255.0,13260.0,13165.0,738153200.0,3493,16577,2025-06-04 00:00:00+08:00,2025-06-04 00:00:00+08:00,14
DCE,lh2509,13500.0,13490.0,13520.0,13390.0,5407132320.0,25112,78586,2025-06-04 00:00:00+08:00,2025-06-04 00:00:00+08:00,14
DCE,lh2511,13290.0,13325.0,13345.0,13230.0,1179936480.0,5550,37250,2025-06-04 00:00:00+08:00,2025-06-04 00:00:00+08:00,14
DCE,lh2601,13700.0,13700.0,13760.0,13620.0,780930480.0,3566,14753,2025-06-04 00:00:00+08:00,2025-06-04 00:00:00+08:00,14
DCE,lh2603,12840.0,12820.0,12870.0,12785.0,240562160.0,1173,15747,2025-06-04 00:00:00+08:00,2025-06-04 00:00:00+08:00,14
DCE,lh2605,13010.0,12955.0,13010.0,12930.0,135120160.0,651,2139,2025-06-04 00:00:00+08:00,2025-06-04 00:00:00+08:00,14
DCE,m2507,2774.0,2765.0,2779.0,2752.0,3029332090.0,109477,371202,2025-06-04 00:00:00+08:00,2025-06-04 00:00:00+08:00,14
DCE,m2508,2926.0,2924.0,2934.0,2911.0,438618810.0,15011,196362,2025-06-04 00:00:00+08:00,2025-06-04 00:00:00+08:00,14
DCE,m2509,2938.0,2939.0,2948.0,2925.0,27288481270.0,928744,2224255,2025-06-04 00:00:00+08:00,2025-06-04 00:00:00+08:00,14
DCE,m2511,2978.0,2978.0,2987.0,2964.0,1782517960.0,59867,466331,2025-06-04 00:00:00+08:00,2025-06-04 00:00:00+08:00,14
DCE,m2512,3004.0,3003.0,3014.0,2995.0,173027100.0,5760,91659,2025-06-04 00:00:00+08:00,2025-06-04 00:00:00+08:00,14
DCE,m2601,2985.0,2984.0,2996.0,2976.0,4459880670.0,149351,724410,2025-06-04 00:00:00+08:00,2025-06-04 00:00:00+08:00,14
DCE,m2603,2845.0,2843.0,2849.0,2838.0,343194700.0,12068,170388,2025-06-04 00:00:00+08:00,2025-06-04 00:00:00+08:00,14
DCE,m2605,2697.0,2695.0,2702.0,2692.0,638958660.0,23693,210606,2025-06-04 00:00:00+08:00,2025-06-04 00:00:00+08:00,14
DCE,p2507,8340.0,8294.0,8354.0,8256.0,390873660.0,4713,10663,2025-06-04 00:00:00+08:00,2025-06-04 00:00:00+08:00,14
DCE,p2508,8268.0,8212.0,8274.0,8180.0,77068660.0,937,1733,2025-06-04 00:00:00+08:00,2025-06-04 00:00:00+08:00,14
DCE,p2509,8190.0,8130.0,8210.0,8102.0,53520915680.0,656196,432781,2025-06-04 00:00:00+08:00,2025-06-04 00:00:00+08:00,14
DCE,p2510,8128.0,8084.0,8150.0,8058.0,6338260.0,78,946,2025-06-04 00:00:00+08:00,2025-06-04 00:00:00+08:00,14
DCE,p2511,8132.0,8066.0,8132.0,8038.0,18448280.0,228,864,2025-06-04 00:00:00+08:00,2025-06-04 00:00:00+08:00,14
DCE,p2512,8130.0,8078.0,8132.0,8054.0,12146780.0,150,486,2025-06-04 00:00:00+08:00,2025-06-04 00:00:00+08:00,14
DCE,p2601,8152.0,8086.0,8158.0,8064.0,2351093920.0,29001,100583,2025-06-04 00:00:00+08:00,2025-06-04 00:00:00+08:00,14
DCE,p2602,8100.0,8076.0,8100.0,8050.0,1211120.0,15,925,2025-06-04 00:00:00+08:00,2025-06-04 00:00:00+08:00,14
DCE,p2603,8084.0,8060.0,8102.0,8030.0,4112800.0,51,252,2025-06-04 00:00:00+08:00,2025-06-04 00:00:00+08:00,14
DCE,p2604,8018.0,8036.0,8036.0,7998.0,480880.0,6,71,2025-06-04 00:00:00+08:00,2025-06-04 00:00:00+08:00,14
DCE,p2605,7988.0,7976.0,8000.0,7948.0,12840660.0,161,603,2025-06-04 00:00:00+08:00,2025-06-04 00:00:00+08:00,14
DCE,pg2506,4230.0,4220.0,4262.0,4128.0,45562580.0,539,2352,2025-06-04 00:00:00+08:00,2025-06-04 00:00:00+08:00,14
DCE,pg2507,4081.0,4088.0,4095.0,4039.0,5082464800.0,62426,64072,2025-06-04 00:00:00+08:00,2025-06-04 00:00:00+08:00,14
DCE,pg2508,3981.0,3994.0,3999.0,3951.0,732903700.0,9208,38131,2025-06-04 00:00:00+08:00,2025-06-04 00:00:00+08:00,14
DCE,pg2509,3916.0,3921.0,3928.0,3880.0,503656920.0,6446,24348,2025-06-04 00:00:00+08:00,2025-06-04 00:00:00+08:00,14
DCE,pg2510,4271.0,4284.0,4291.0,4242.0,132911720.0,1556,10235,2025-06-04 00:00:00+08:00,2025-06-04 00:00:00+08:00,14
DCE,pg2511,4179.0,4209.0,4218.0,4179.0,17226440.0,205,784,2025-06-04 00:00:00+08:00,2025-06-04 00:00:00+08:00,14
DCE,pg2512,4109.0,4136.0,4142.0,4109.0,1156060.0,14,476,2025-06-04 00:00:00+08:00,2025-06-04 00:00:00+08:00,14
DCE,pg2601,4045.0,4070.0,4070.0,4045.0,4059200.0,50,621,2025-06-04 00:00:00+08:00,2025-06-04 00:00:00+08:00,14
DCE,pg2602,3999.0,3999.0,3999.0,3999.0,80020.0,1,97,2025-06-04 00:00:00+08:00,2025-06-04 00:00:00+08:00,14
DCE,pg2603,3904.0,3927.0,3930.0,3904.0,1332180.0,17,458,2025-06-04 00:00:00+08:00,2025-06-04 00:00:00+08:00,14
DCE,pp2506,6950.0,6994.0,7000.0,6938.0,6979915.0,200,2586,2025-06-04 00:00:00+08:00,2025-06-04 00:00:00+08:00,14
DCE,pp2507,6922.0,6971.0,6974.0,6914.0,335572970.0,9667,13992,2025-06-04 00:00:00+08:00,2025-06-04 00:00:00+08:00,14
DCE,pp2508,6890.0,6951.0,6955.0,6889.0,222097355.0,6417,23406,2025-06-04 00:00:00+08:00,2025-06-04 00:00:00+08:00,14
DCE,pp2509,6876.0,6948.0,6953.0,6876.0,10252930585.0,296705,513164,2025-06-04 00:00:00+08:00,2025-06-04 00:00:00+08:00,14
DCE,pp2510,6867.0,6927.0,6930.0,6865.0,200434015.0,5813,17801,2025-06-04 00:00:00+08:00,2025-06-04 00:00:00+08:00,14
DCE,pp2511,6865.0,6921.0,6923.0,6863.0,50703920.0,1469,2623,2025-06-04 00:00:00+08:00,2025-06-04 00:00:00+08:00,14
DCE,pp2512,6860.0,6900.0,6900.0,6854.0,926755.0,27,101,2025-06-04 00:00:00+08:00,2025-06-04 00:00:00+08:00,14
DCE,pp2601,6822.0,6887.0,6887.0,6814.0,902451815.0,26359,80356,2025-06-04 00:00:00+08:00,2025-06-04 00:00:00+08:00,14
DCE,pp2602,6807.0,6856.0,6871.0,6805.0,1434795.0,42,123,2025-06-04 00:00:00+08:00,2025-06-04 00:00:00+08:00,14
DCE,pp2603,6808.0,6823.0,6852.0,6806.0,648600.0,19,53,2025-06-04 00:00:00+08:00,2025-06-04 00:00:00+08:00,14
DCE,pp2604,6851.0,6838.0,6866.0,6838.0,376970.0,11,55,2025-06-04 00:00:00+08:00,2025-06-04 00:00:00+08:00,14
DCE,pp2605,6837.0,6880.0,6880.0,6835.0,3811610.0,111,605,2025-06-04 00:00:00+08:00,2025-06-04 00:00:00+08:00,14
DCE,rr2507,3626.0,3632.0,3639.0,3621.0,48940060.0,1348,6645,2025-06-04 00:00:00+08:00,2025-06-04 00:00:00+08:00,14
DCE,rr2508,3622.0,3629.0,3639.0,3622.0,35133560.0,968,4751,2025-06-04 00:00:00+08:00,2025-06-04 00:00:00+08:00,14
DCE,rr2509,3643.0,3650.0,3656.0,3637.0,27577130.0,756,2634,2025-06-04 00:00:00+08:00,2025-06-04 00:00:00+08:00,14
DCE,rr2510,3625.0,3631.0,3632.0,3622.0,1160420.0,32,194,2025-06-04 00:00:00+08:00,2025-06-04 00:00:00+08:00,14
DCE,rr2512,3624.0,3629.0,3639.0,3623.0,290320.0,8,90,2025-06-04 00:00:00+08:00,2025-06-04 00:00:00+08:00,14
DCE,rr2601,3617.0,3621.0,3633.0,3605.0,1193740.0,33,187,2025-06-04 00:00:00+08:00,2025-06-04 00:00:00+08:00,14
DCE,rr2602,3618.0,3626.0,3626.0,3618.0,325710.0,9,140,2025-06-04 00:00:00+08:00,2025-06-04 00:00:00+08:00,14
DCE,rr2603,3625.0,3625.0,3625.0,3625.0,36250.0,1,35,2025-06-04 00:00:00+08:00,2025-06-04 00:00:00+08:00,14
DCE,rr2604,3640.0,3643.0,3643.0,3640.0,72830.0,2,26,2025-06-04 00:00:00+08:00,2025-06-04 00:00:00+08:00,14
DCE,v2506,4666.0,4747.0,4753.0,4650.0,6651060.0,284,8623,2025-06-04 00:00:00+08:00,2025-06-04 00:00:00+08:00,14
DCE,v2507,4686.0,4778.0,4792.0,4675.0,435844235.0,18408,19582,2025-06-04 00:00:00+08:00,2025-06-04 00:00:00+08:00,14
DCE,v2508,4713.0,4809.0,4822.0,4709.0,52613835.0,2208,5329,2025-06-04 00:00:00+08:00,2025-06-04 00:00:00+08:00,14
DCE,v2509,4731.0,4834.0,4849.0,4731.0,31091945205.0,1300611,986723,2025-06-04 00:00:00+08:00,2025-06-04 00:00:00+08:00,14
DCE,v2510,4756.0,4853.0,4865.0,4750.0,25119680.0,1051,2828,2025-06-04 00:00:00+08:00,2025-06-04 00:00:00+08:00,14
DCE,v2511,4757.0,4850.0,4864.0,4750.0,5940485.0,247,1010,2025-06-04 00:00:00+08:00,2025-06-04 00:00:00+08:00,14
DCE,v2512,4754.0,4860.0,4863.0,4753.0,5080895.0,211,2035,2025-06-04 00:00:00+08:00,2025-06-04 00:00:00+08:00,14
DCE,v2601,4770.0,4871.0,4885.0,4756.0,2162571330.0,89794,178876,2025-06-04 00:00:00+08:00,2025-06-04 00:00:00+08:00,14
DCE,v2602,4788.0,4892.0,4896.0,4788.0,2572595.0,106,1419,2025-06-04 00:00:00+08:00,2025-06-04 00:00:00+08:00,14
DCE,v2603,4825.0,4907.0,4923.0,4825.0,1243900.0,51,1050,2025-06-04 00:00:00+08:00,2025-06-04 00:00:00+08:00,14
DCE,v2604,4892.0,4998.0,5012.0,4892.0,1735355.0,70,379,2025-06-04 00:00:00+08:00,2025-06-04 00:00:00+08:00,14
DCE,v2605,4905.0,5001.0,5015.0,4894.0,21951375.0,886,1163,2025-06-04 00:00:00+08:00,2025-06-04 00:00:00+08:00,14
DCE,y2507,7756.0,7754.0,7772.0,7726.0,338294600.0,4366,33286,2025-06-04 00:00:00+08:00,2025-06-04 00:00:00+08:00,14
DCE,y2508,7708.0,7696.0,7734.0,7666.0,35232880.0,458,8762,2025-06-04 00:00:00+08:00,2025-06-04 00:00:00+08:00,14
DCE,y2509,7706.0,7688.0,7722.0,7658.0,27390938940.0,356149,579312,2025-06-04 00:00:00+08:00,2025-06-04 00:00:00+08:00,14
DCE,y2511,7706.0,7694.0,7728.0,7670.0,9390920.0,122,3309,2025-06-04 00:00:00+08:00,2025-06-04 00:00:00+08:00,14
DCE,y2512,7742.0,7724.0,7760.0,7706.0,2858540.0,37,1670,2025-06-04 00:00:00+08:00,2025-06-04 00:00:00+08:00,14
DCE,y2601,7666.0,7646.0,7680.0,7626.0,2554569540.0,33397,161696,2025-06-04 00:00:00+08:00,2025-06-04 00:00:00+08:00,14
DCE,y2603,7560.0,7542.0,7646.0,7534.0,3174920.0,42,954,2025-06-04 00:00:00+08:00,2025-06-04 00:00:00+08:00,14
DCE,y2605,7446.0,7402.0,7446.0,7390.0,78184760.0,1056,6058,2025-06-04 00:00:00+08:00,2025-06-04 00:00:00+08:00,14
GFEX,lc9999,60180.0,61080.0,61560.0,59340.0,24948506880.0,413239,245650,2025-06-04 00:00:00+08:00,2025-06-04 00:00:00+08:00,14
GFEX,lc9998,59920.0,61220.0,61840.0,59520.0,9297771700.0,153267,173452,2025-06-04 00:00:00+08:00,2025-06-04 00:00:00+08:00,14
GFEX,ps9999,34300.0,35055.0,35340.0,33840.0,27301231365.0,262747,67873,2025-06-04 00:00:00+08:00,2025-06-04 00:00:00+08:00,14
GFEX,ps9998,33700.0,34205.0,34375.0,33005.0,4815425940.0,47615,44288,2025-06-04 00:00:00+08:00,2025-06-04 00:00:00+08:00,14
GFEX,si9999,7150.0,7280.0,7330.0,6990.0,28950083100.0,806934,180328,2025-06-04 00:00:00+08:00,2025-06-04 00:00:00+08:00,14
GFEX,si9998,7140.0,7300.0,7350.0,7015.0,13986727225.0,389083,263620,2025-06-04 00:00:00+08:00,2025-06-04 00:00:00+08:00,14
GFEX,lc2506,59800.0,61220.0,61220.0,59700.0,23205640.0,385,1417,2025-06-04 00:00:00+08:00,2025-06-04 00:00:00+08:00,14
GFEX,lc2507,60180.0,61080.0,61560.0,59340.0,24948506880.0,413239,245650,2025-06-04 00:00:00+08:00,2025-06-04 00:00:00+08:00,14
GFEX,lc2508,60100.0,61140.0,61740.0,59520.0,1726533000.0,28520,57063,2025-06-04 00:00:00+08:00,2025-06-04 00:00:00+08:00,14
GFEX,lc2509,59920.0,61220.0,61840.0,59520.0,9297771700.0,153267,173452,2025-06-04 00:00:00+08:00,2025-06-04 00:00:00+08:00,14
GFEX,lc2510,60060.0,61000.0,61920.0,59640.0,209481800.0,3454,20564,2025-06-04 00:00:00+08:00,2025-06-04 00:00:00+08:00,14
GFEX,lc2511,60100.0,61240.0,61860.0,59620.0,1099945140.0,18127,44391,2025-06-04 00:00:00+08:00,2025-06-04 00:00:00+08:00,14
GFEX,lc2512,61040.0,61840.0,62400.0,60260.0,480737180.0,7835,19702,2025-06-04 00:00:00+08:00,2025-06-04 00:00:00+08:00,14
GFEX,lc2601,60900.0,61940.0,62620.0,60420.0,230806180.0,3752,9703,2025-06-04 00:00:00+08:00,2025-06-04 00:00:00+08:00,14
GFEX,lc2602,61020.0,62140.0,62680.0,60640.0,18620700.0,303,1602,2025-06-04 00:00:00+08:00,2025-06-04 00:00:00+08:00,14
GFEX,lc2603,60980.0,62100.0,62720.0,60660.0,36355780.0,590,2783,2025-06-04 00:00:00+08:00,2025-06-04 00:00:00+08:00,14
GFEX,lc2604,61780.0,62680.0,63260.0,61360.0,23584840.0,379,1420,2025-06-04 00:00:00+08:00,2025-06-04 00:00:00+08:00,14
GFEX,lc2605,61860.0,62680.0,63240.0,61460.0,35082760.0,564,993,2025-06-04 00:00:00+08:00,2025-06-04 00:00:00+08:00,14
GFEX,ps2506,36860.0,37990.0,38000.0,36605.0,42580185.0,380,813,2025-06-04 00:00:00+08:00,2025-06-04 00:00:00+08:00,14
GFEX,ps2507,34300.0,35055.0,35340.0,33840.0,27301231365.0,262747,67873,2025-06-04 00:00:00+08:00,2025-06-04 00:00:00+08:00,14
GFEX,ps2508,33700.0,34205.0,34375.0,33005.0,4815425940.0,47615,44288,2025-06-04 00:00:00+08:00,2025-06-04 00:00:00+08:00,14
GFEX,ps2509,33350.0,33780.0,33945.0,32745.0,3095059380.0,30920,26115,2025-06-04 00:00:00+08:00,2025-06-04 00:00:00+08:00,14
GFEX,ps2510,33300.0,33425.0,33670.0,32685.0,9661005.0,97,720,2025-06-04 00:00:00+08:00,2025-06-04 00:00:00+08:00,14
GFEX,ps2511,32750.0,33345.0,33560.0,32430.0,1278611460.0,12925,22380,2025-06-04 00:00:00+08:00,2025-06-04 00:00:00+08:00,14
GFEX,ps2512,34345.0,34800.0,35175.0,33880.0,225532965.0,2183,4609,2025-06-04 00:00:00+08:00,2025-06-04 00:00:00+08:00,14
GFEX,ps2601,34465.0,34590.0,34595.0,33895.0,3395055.0,33,105,2025-06-04 00:00:00+08:00,2025-06-04 00:00:00+08:00,14
GFEX,ps2602,34220.0,34565.0,34565.0,33720.0,1636920.0,16,37,2025-06-04 00:00:00+08:00,2025-06-04 00:00:00+08:00,14
GFEX,ps2603,34150.0,34535.0,34535.0,33785.0,1129515.0,11,68,2025-06-04 00:00:00+08:00,2025-06-04 00:00:00+08:00,14
GFEX,ps2604,33720.0,34580.0,34580.0,33555.0,2757240.0,27,94,2025-06-04 00:00:00+08:00,2025-06-04 00:00:00+08:00,14
GFEX,ps2605,33845.0,34305.0,34305.0,33500.0,2642850.0,26,83,2025-06-04 00:00:00+08:00,2025-06-04 00:00:00+08:00,14
GFEX,si2506,7010.0,7020.0,7250.0,7010.0,22291200.0,629,1412,2025-06-04 00:00:00+08:00,2025-06-04 00:00:00+08:00,14
GFEX,si2507,7150.0,7280.0,7330.0,6990.0,28950083100.0,806934,180328,2025-06-04 00:00:00+08:00,2025-06-04 00:00:00+08:00,14
GFEX,si2508,7125.0,7290.0,7345.0,7010.0,2622359250.0,73252,56601,2025-06-04 00:00:00+08:00,2025-06-04 00:00:00+08:00,14
GFEX,si2509,7140.0,7300.0,7350.0,7015.0,13986727225.0,389083,263620,2025-06-04 00:00:00+08:00,2025-06-04 00:00:00+08:00,14
GFEX,si2510,7115.0,7300.0,7330.0,7015.0,319631875.0,8920,15221,2025-06-04 00:00:00+08:00,2025-06-04 00:00:00+08:00,14
GFEX,si2511,7135.0,7285.0,7325.0,7010.0,1494894750.0,41705,54844,2025-06-04 00:00:00+08:00,2025-06-04 00:00:00+08:00,14
GFEX,si2512,7355.0,7505.0,7525.0,7205.0,1113938575.0,30222,20049,2025-06-04 00:00:00+08:00,2025-06-04 00:00:00+08:00,14
GFEX,si2601,7360.0,7485.0,7505.0,7200.0,231508975.0,6297,6372,2025-06-04 00:00:00+08:00,2025-06-04 00:00:00+08:00,14
GFEX,si2602,7440.0,7510.0,7555.0,7220.0,6451250.0,175,354,2025-06-04 00:00:00+08:00,2025-06-04 00:00:00+08:00,14
GFEX,si2603,7475.0,7515.0,7615.0,7235.0,7395525.0,200,444,2025-06-04 00:00:00+08:00,2025-06-04 00:00:00+08:00,14
GFEX,si2604,7490.0,7535.0,7580.0,7270.0,13042575.0,351,1065,2025-06-04 00:00:00+08:00,2025-06-04 00:00:00+08:00,14
GFEX,si2605,7435.0,7555.0,7770.0,7270.0,81365500.0,2189,2219,2025-06-04 00:00:00+08:00,2025-06-04 00:00:00+08:00,14
INE,bc9999,69320.0,69610.0,69800.0,69190.0,2021591056.0,5813,2645,2025-06-04 00:00:00+08:00,2025-06-04 00:00:00+08:00,14
INE,ec9999,2100.2,2199.1,2228.0,2073.8,9715795712.0,90432,47961,2025-06-04 00:00:00+08:00,2025-06-04 00:00:00+08:00,14
INE,ec9998,1327.0,1383.0,1396.9,1327.0,986724016.0,14412,23756,2025-06-04 00:00:00+08:00,2025-06-04 00:00:00+08:00,14
INE,lu9999,3496.0,3511.0,3541.0,3478.0,3342203824.0,95189,65859,2025-06-04 00:00:00+08:00,2025-06-04 00:00:00+08:00,14
INE,lu9998,3451.0,3471.0,3493.0,3437.0,1229214448.0,35421,43126,2025-06-04 00:00:00+08:00,2025-06-04 00:00:00+08:00,14
INE,nr9999,11835.0,12020.0,12055.0,11690.0,18929446912.0,159633,43672,2025-06-04 00:00:00+08:00,2025-06-04 00:00:00+08:00,14
INE,nr9998,11705.0,11905.0,11950.0,11565.0,5321779200.0,45315,39795,2025-06-04 00:00:00+08:00,2025-06-04 00:00:00+08:00,14
INE,sc9999,466.0,468.2,470.7,463.8,51400109824.0,109921,23118,2025-06-04 00:00:00+08:00,2025-06-04 00:00:00+08:00,14
INE,sc9998,460.4,464.0,465.7,458.4,9694687488.0,20952,15653,2025-06-04 00:00:00+08:00,2025-06-04 00:00:00+08:00,14
INE,bc2507,69320.0,69610.0,69800.0,69190.0,2021591056.0,5813,2645,2025-06-04 00:00:00+08:00,2025-06-04 00:00:00+08:00,14
INE,bc2508,69090.0,69450.0,69570.0,69060.0,396096048.0,1142,591,2025-06-04 00:00:00+08:00,2025-06-04 00:00:00+08:00,14
INE,ec2506,1896.0,1970.3,1994.5,1890.0,544004896.0,5610,9086,2025-06-04 00:00:00+08:00,2025-06-04 00:00:00+08:00,14
INE,ec2508,2100.2,2199.1,2228.0,2073.8,9715795712.0,90432,47961,2025-06-04 00:00:00+08:00,2025-06-04 00:00:00+08:00,14
INE,ec2510,1327.0,1383.0,1396.9,1327.0,986724016.0,14412,23756,2025-06-04 00:00:00+08:00,2025-06-04 00:00:00+08:00,14
INE,ec2512,1544.5,1570.1,1578.0,1529.0,142715755.0,1833,4451,2025-06-04 00:00:00+08:00,2025-06-04 00:00:00+08:00,14
INE,ec2602,1373.1,1399.8,1404.4,1364.5,35213460.0,508,2687,2025-06-04 00:00:00+08:00,2025-06-04 00:00:00+08:00,14
INE,ec2604,1189.2,1239.2,1240.0,1189.2,53789530.0,886,3323,2025-06-04 00:00:00+08:00,2025-06-04 00:00:00+08:00,14
INE,lu2507,3540.0,3570.0,3591.0,3522.0,989421744.0,27789,13899,2025-06-04 00:00:00+08:00,2025-06-04 00:00:00+08:00,14
INE,lu2508,3496.0,3511.0,3541.0,3478.0,3342203824.0,95189,65859,2025-06-04 00:00:00+08:00,2025-06-04 00:00:00+08:00,14
INE,lu2509,3451.0,3471.0,3493.0,3437.0,1229214448.0,35421,43126,2025-06-04 00:00:00+08:00,2025-06-04 00:00:00+08:00,14
INE,lu2510,3410.0,3439.0,3450.0,3400.0,34118210.0,994,1429,2025-06-04 00:00:00+08:00,2025-06-04 00:00:00+08:00,14
INE,lu2511,3388.0,3403.0,3418.0,3376.0,883980.0,26,144,2025-06-04 00:00:00+08:00,2025-06-04 00:00:00+08:00,14
INE,lu2512,3361.0,3393.0,3397.0,3353.0,809670.0,24,248,2025-06-04 00:00:00+08:00,2025-06-04 00:00:00+08:00,14
INE,lu2601,3387.0,3381.0,3387.0,3367.0,674420.0,20,562,2025-06-04 00:00:00+08:00,2025-06-04 00:00:00+08:00,14
INE,lu2602,3347.0,3347.0,3347.0,3347.0,66940.0,2,120,2025-06-04 00:00:00+08:00,2025-06-04 00:00:00+08:00,14
INE,lu2603,3316.0,3325.0,3348.0,3316.0,166330.0,5,141,2025-06-04 00:00:00+08:00,2025-06-04 00:00:00+08:00,14
INE,lu2604,3323.0,3346.0,3346.0,3308.0,99770.0,3,25,2025-06-04 00:00:00+08:00,2025-06-04 00:00:00+08:00,14
INE,lu2605,3311.0,3310.0,3318.0,3307.0,231790.0,7,33,2025-06-04 00:00:00+08:00,2025-06-04 00:00:00+08:00,14
INE,nr2506,11850.0,12000.0,12025.0,11750.0,174220500.0,1470,2650,2025-06-04 00:00:00+08:00,2025-06-04 00:00:00+08:00,14
INE,nr2507,11835.0,12020.0,12055.0,11690.0,18929446912.0,159633,43672,2025-06-04 00:00:00+08:00,2025-06-04 00:00:00+08:00,14
INE,nr2508,11705.0,11905.0,11950.0,11565.0,5321779200.0,45315,39795,2025-06-04 00:00:00+08:00,2025-06-04 00:00:00+08:00,14
INE,nr2509,11600.0,11830.0,11875.0,11485.0,3068133696.0,26273,35510,2025-06-04 00:00:00+08:00,2025-06-04 00:00:00+08:00,14
INE,nr2510,11570.0,11795.0,11865.0,11465.0,510932896.0,4387,6301,2025-06-04 00:00:00+08:00,2025-06-04 00:00:00+08:00,14
INE,nr2511,11535.0,11800.0,11805.0,11460.0,35592050.0,306,1183,2025-06-04 00:00:00+08:00,2025-06-04 00:00:00+08:00,14
INE,nr2512,11475.0,11760.0,11760.0,11465.0,20323600.0,175,1204,2025-06-04 00:00:00+08:00,2025-06-04 00:00:00+08:00,14
INE,nr2601,11540.0,11760.0,11770.0,11475.0,52273250.0,450,3262,2025-06-04 00:00:00+08:00,2025-06-04 00:00:00+08:00,14
INE,nr2602,11560.0,11760.0,11760.0,11560.0,1397700.0,12,43,2025-06-04 00:00:00+08:00,2025-06-04 00:00:00+08:00,14
INE,nr2603,11525.0,11815.0,11815.0,11525.0,1517900.0,13,37,2025-06-04 00:00:00+08:00,2025-06-04 00:00:00+08:00,14
INE,nr2604,11530.0,11850.0,11850.0,11530.0,1867900.0,16,22,2025-06-04 00:00:00+08:00,2025-06-04 00:00:00+08:00,14
INE,nr2605,11635.0,11810.0,11810.0,11635.0,820000.0,7,10,2025-06-04 00:00:00+08:00,2025-06-04 00:00:00+08:00,14
INE,sc2507,466.0,468.2,470.7,463.8,51400109824.0,109921,23118,2025-06-04 00:00:00+08:00,2025-06-04 00:00:00+08:00,14
INE,sc2508,460.4,464.0,465.7,458.4,9694687488.0,20952,15653,2025-06-04 00:00:00+08:00,2025-06-04 00:00:00+08:00,14
INE,sc2509,458.0,461.7,463.0,456.1,2213508096.0,4810,5263,2025-06-04 00:00:00+08:00,2025-06-04 00:00:00+08:00,14
INE,sc2510,455.6,459.7,461.1,454.4,197969400.0,432,1101,2025-06-04 00:00:00+08:00,2025-06-04 00:00:00+08:00,14
INE,sc2511,454.0,457.2,459.2,453.2,60738800.0,133,442,2025-06-04 00:00:00+08:00,2025-06-04 00:00:00+08:00,14
INE,sc2512,453.0,456.1,457.0,451.6,29574600.0,65,824,2025-06-04 00:00:00+08:00,2025-06-04 00:00:00+08:00,14
INE,sc2601,452.6,454.5,455.9,450.9,14061200.0,31,296,2025-06-04 00:00:00+08:00,2025-06-04 00:00:00+08:00,14
INE,sc2602,449.3,452.9,452.9,446.1,4509000.0,10,75,2025-06-04 00:00:00+08:00,2025-06-04 00:00:00+08:00,14
INE,sc2606,448.0,449.6,449.8,448.0,4491200.0,10,156,2025-06-04 00:00:00+08:00,2025-06-04 00:00:00+08:00,14
INE,sc2703,444.9,445.0,445.0,444.9,889900.0,2,20,2025-06-04 00:00:00+08:00,2025-06-04 00:00:00+08:00,14
INE,sc2706,442.9,442.9,442.9,442.9,885800.0,2,27,2025-06-04 00:00:00+08:00,2025-06-04 00:00:00+08:00,14
INE,sc2712,440.2,440.2,440.2,440.2,440200.0,1,47,2025-06-04 00:00:00+08:00,2025-06-04 00:00:00+08:00,14
SHFE,ag9999,8475.0,8463.0,8498.0,8451.0,57111337472.0,449279,379627,2025-06-04 00:00:00+08:00,2025-06-04 00:00:00+08:00,14
SHFE,ag9998,8522.0,8507.0,8537.0,8493.0,5095681024.0,39898,153103,2025-06-04 00:00:00+08:00,2025-06-04 00:00:00+08:00,14
SHFE,al9999,19900.0,20075.0,20110.0,19890.0,16071721472.0,160576,189969,2025-06-04 00:00:00+08:00,2025-06-04 00:00:00+08:00,14
SHFE,al9998,19835.0,19970.0,20020.0,19810.0,7667913984.0,76963,137955,2025-06-04 00:00:00+08:00,2025-06-04 00:00:00+08:00,14
SHFE,ao9999,2995.0,3063.0,3086.0,2976.0,37033035008.0,610813,299898,2025-06-04 00:00:00+08:00,2025-06-04 00:00:00+08:00,14
SHFE,ao9998,2978.0,3041.0,3063.0,2957.0,1598118336.0,26555,51856,2025-06-04 00:00:00+08:00,2025-06-04 00:00:00+08:00,14
SHFE,au9999,783.1,782.42,785.78,777.5,150095003648.0,191944,180310,2025-06-04 00:00:00+08:00,2025-06-04 00:00:00+08:00,14
SHFE,au9998,785.24,784.28,787.7,779.56,99360813056.0,126754,123575,2025-06-04 00:00:00+08:00,2025-06-04 00:00:00+08:00,14
SHFE,br9999,10925.0,11095.0,11120.0,10885.0,7137161216.0,129848,27683,2025-06-04 00:00:00+08:00,2025-06-04 00:00:00+08:00,14
SHFE,br9998,10700.0,10935.0,10960.0,10700.0,2451094944.0,45275,49964,2025-06-04 00:00:00+08:00,2025-06-04 00:00:00+08:00,14
SHFE,bu9999,3502.0,3506.0,3531.0,3489.0,5777271040.0,164532,89446,2025-06-04 00:00:00+08:00,2025-06-04 00:00:00+08:00,14
SHFE,bu9998,3478.0,3469.0,3500.0,3462.0,4665216768.0,134047,173831,2025-06-04 00:00:00+08:00,2025-06-04 00:00:00+08:00,14
SHFE,cu9999,77910.0,78200.0,78400.0,77890.0,43553428736.0,111382,195214,2025-06-04 00:00:00+08:00,2025-06-04 00:00:00+08:00,14
SHFE,cu9998,77700.0,78020.0,78250.0,77690.0,14577056256.0,37368,103798,2025-06-04 00:00:00+08:00,2025-06-04 00:00:00+08:00,14
SHFE,fu9999,2943.0,2925.0,2947.0,2913.0,10412809728.0,355256,101369,2025-06-04 00:00:00+08:00,2025-06-04 00:00:00+08:00,14
SHFE,fu9998,2860.0,2841.0,2865.0,2831.0,6007075328.0,210938,136429,2025-06-04 00:00:00+08:00,2025-06-04 00:00:00+08:00,14
SHFE,hc9999,3055.0,3097.0,3112.0,3054.0,24877205504.0,806676,1576113,2025-06-04 00:00:00+08:00,2025-06-04 00:00:00+08:00,14
SHFE,hc9998,3043.0,3092.0,3104.0,3043.0,1053485392.0,34273,206293,2025-06-04 00:00:00+08:00,2025-06-04 00:00:00+08:00,14
SHFE,ni9999,121250.0,122590.0,122850.0,120930.0,14335528704.0,117416,83546,2025-06-04 00:00:00+08:00,2025-06-04 00:00:00+08:00,14
SHFE,ni9998,121480.0,122750.0,123020.0,121130.0,2915757984.0,23830,48961,2025-06-04 00:00:00+08:00,2025-06-04 00:00:00+08:00,14
SHFE,pb9999,16575.0,16670.0,16705.0,16545.0,2912095600.0,35010,52496,2025-06-04 00:00:00+08:00,2025-06-04 00:00:00+08:00,14
SHFE,pb9998,16570.0,16665.0,16695.0,16545.0,1052429504.0,12653,25431,2025-06-04 00:00:00+08:00,2025-06-04 00:00:00+08:00,14
SHFE,rb9999,2930.0,2974.0,2988.0,2925.0,61068382976.0,2066104,2280391,2025-06-04 00:00:00+08:00,2025-06-04 00:00:00+08:00,14
SHFE,rb9998,2919.0,2971.0,2985.0,2919.0,2116311328.0,71682,266100,2025-06-04 00:00:00+08:00,2025-06-04 00:00:00+08:00,14
SHFE,ru9999,13480.0,13655.0,13700.0,13295.0,71270068224.0,529078,177460,2025-06-04 00:00:00+08:00,2025-06-04 00:00:00+08:00,14
SHFE,ru9998,14275.0,14490.0,14545.0,14125.0,6175111680.0,43151,40390,2025-06-04 00:00:00+08:00,2025-06-04 00:00:00+08:00,14
SHFE,sn9999,251810.0,257940.0,258800.0,251340.0,35246286592.0,138136,31008,2025-06-04 00:00:00+08:00,2025-06-04 00:00:00+08:00,14
SHFE,sn9998,252020.0,257820.0,258720.0,251500.0,5685894656.0,22287,13170,2025-06-04 00:00:00+08:00,2025-06-04 00:00:00+08:00,14
SHFE,sp9999,5292.0,5298.0,5322.0,5262.0,9162664960.0,173094,65326,2025-06-04 00:00:00+08:00,2025-06-04 00:00:00+08:00,14
SHFE,sp9998,5220.0,5236.0,5248.0,5190.0,3408557904.0,65318,87411,2025-06-04 00:00:00+08:00,2025-06-04 00:00:00+08:00,14
SHFE,ss9999,12640.0,12720.0,12730.0,12620.0,6061577472.0,95686,74015,2025-06-04 00:00:00+08:00,2025-06-04 00:00:00+08:00,14
SHFE,ss9998,12655.0,12735.0,12755.0,12650.0,3774075744.0,59457,118958,2025-06-04 00:00:00+08:00,2025-06-04 00:00:00+08:00,14
SHFE,wr9999,3262.0,3296.0,3310.0,3240.0,1674270.0,51,37,2025-06-04 00:00:00+08:00,2025-06-04 00:00:00+08:00,14
SHFE,zn9999,22260.0,22420.0,22475.0,22260.0,18965246208.0,169465,123944,2025-06-04 00:00:00+08:00,2025-06-04 00:00:00+08:00,14
SHFE,zn9998,22005.0,22235.0,22280.0,22000.0,7400257280.0,66754,65429,2025-06-04 00:00:00+08:00,2025-06-04 00:00:00+08:00,14
SHFE,ag2506,8483.0,8451.0,8498.0,8435.0,1033956752.0,8146,27890,2025-06-04 00:00:00+08:00,2025-06-04 00:00:00+08:00,14
SHFE,ag2507,8471.0,8456.0,8487.0,8439.0,925928320.0,7294,15389,2025-06-04 00:00:00+08:00,2025-06-04 00:00:00+08:00,14
SHFE,ag2508,8475.0,8463.0,8498.0,8451.0,57111337472.0,449279,379627,2025-06-04 00:00:00+08:00,2025-06-04 00:00:00+08:00,14
SHFE,ag2509,8494.0,8474.0,8506.0,8462.0,3191230912.0,25075,37955,2025-06-04 00:00:00+08:00,2025-06-04 00:00:00+08:00,14
SHFE,ag2510,8498.0,8483.0,8514.0,8471.0,14541256704.0,114144,146588,2025-06-04 00:00:00+08:00,2025-06-04 00:00:00+08:00,14
SHFE,ag2511,8517.0,8493.0,8525.0,8482.0,773553824.0,6067,20577,2025-06-04 00:00:00+08:00,2025-06-04 00:00:00+08:00,14
SHFE,ag2512,8522.0,8507.0,8537.0,8493.0,5095681024.0,39898,153103,2025-06-04 00:00:00+08:00,2025-06-04 00:00:00+08:00,14
SHFE,ag2601,8535.0,8518.0,8549.0,8504.0,399701600.0,3125,24036,2025-06-04 00:00:00+08:00,2025-06-04 00:00:00+08:00,14
SHFE,ag2602,8550.0,8532.0,8561.0,8520.0,674091968.0,5262,55444,2025-06-04 00:00:00+08:00,2025-06-04 00:00:00+08:00,14
SHFE,ag2603,8560.0,8543.0,8570.0,8530.0,181187895.0,1413,24929,2025-06-04 00:00:00+08:00,2025-06-04 00:00:00+08:00,14
SHFE,ag2604,8572.0,8553.0,8584.0,8539.0,355729104.0,2770,33583,2025-06-04 00:00:00+08:00,2025-06-04 00:00:00+08:00,14
SHFE,ag2605,8582.0,8566.0,8597.0,8553.0,244697820.0,1902,9817,2025-06-04 00:00:00+08:00,2025-06-04 00:00:00+08:00,14
SHFE,al2506,20015.0,20165.0,20195.0,20015.0,1056432752.0,10490,35200,2025-06-04 00:00:00+08:00,2025-06-04 00:00:00+08:00,14
SHFE,al2507,19900.0,20075.0,20110.0,19890.0,16071721472.0,160576,189969,2025-06-04 00:00:00+08:00,2025-06-04 00:00:00+08:00,14
SHFE,al2508,19835.0,19970.0,20020.0,19810.0,7667913984.0,76963,137955,2025-06-04 00:00:00+08:00,2025-06-04 00:00:00+08:00,14
SHFE,al2509,19750.0,19925.0,19955.0,19750.0,2340835856.0,23559,68996,2025-06-04 00:00:00+08:00,2025-06-04 00:00:00+08:00,14
SHFE,al2510,19740.0,19875.0,19915.0,19725.0,591731232.0,5967,36732,2025-06-04 00:00:00+08:00,2025-06-04 00:00:00+08:00,14
SHFE,al2511,19715.0,19845.0,19885.0,19705.0,251336400.0,2536,19244,2025-06-04 00:00:00+08:00,2025-06-04 00:00:00+08:00,14
SHFE,al2512,19680.0,19820.0,19865.0,19675.0,170218575.0,1720,16549,2025-06-04 00:00:00+08:00,2025-06-04 00:00:00+08:00,14
SHFE,al2601,19710.0,19825.0,19860.0,19695.0,88771225.0,897,14516,2025-06-04 00:00:00+08:00,2025-06-04 00:00:00+08:00,14
SHFE,al2602,19720.0,19835.0,19875.0,19700.0,59641500.0,602,4949,2025-06-04 00:00:00+08:00,2025-06-04 00:00:00+08:00,14
SHFE,al2603,19730.0,19865.0,19900.0,19725.0,27685650.0,279,3332,2025-06-04 00:00:00+08:00,2025-06-04 00:00:00+08:00,14
SHFE,al2604,19750.0,19885.0,19910.0,19750.0,2573000.0,26,705,2025-06-04 00:00:00+08:00,2025-06-04 00:00:00+08:00,14
SHFE,al2605,19560.0,19920.0,19920.0,19560.0,3369775.0,34,656,2025-06-04 00:00:00+08:00,2025-06-04 00:00:00+08:00,14
SHFE,ao2506,3120.0,3110.0,3135.0,3079.0,71613300.0,1155,1920,2025-06-04 00:00:00+08:00,2025-06-04 00:00:00+08:00,14
SHFE,ao2507,3056.0,3085.0,3106.0,3032.0,3009171776.0,48986,24517,2025-06-04 00:00:00+08:00,2025-06-04 00:00:00+08:00,14
SHFE,ao2508,3024.0,3076.0,3098.0,3005.0,257852600.0,4218,3897,2025-06-04 00:00:00+08:00,2025-06-04 00:00:00+08:00,14
SHFE,ao2509,2995.0,3063.0,3086.0,2976.0,37033035008.0,610813,299898,2025-06-04 00:00:00+08:00,2025-06-04 00:00:00+08:00,14
SHFE,ao2510,2978.0,3041.0,3063.0,2957.0,1598118336.0,26555,51856,2025-06-04 00:00:00+08:00,2025-06-04 00:00:00+08:00,14
SHFE,ao2511,2959.0,3023.0,3043.0,2940.0,234376800.0,3917,12583,2025-06-04 00:00:00+08:00,2025-06-04 00:00:00+08:00,14
SHFE,ao2512,2941.0,3014.0,3028.0,2927.0,43873380.0,734,1127,2025-06-04 00:00:00+08:00,2025-06-04 00:00:00+08:00,14
SHFE,ao2601,2933.0,3001.0,3016.0,2914.0,1711570784.0,28849,33699,2025-06-04 00:00:00+08:00,2025-06-04 00:00:00+08:00,14
SHFE,ao2602,2922.0,2989.0,3003.0,2901.0,5210800.0,88,710,2025-06-04 00:00:00+08:00,2025-06-04 00:00:00+08:00,14
SHFE,ao2603,2912.0,2975.0,2990.0,2891.0,5120660.0,87,618,2025-06-04 00:00:00+08:00,2025-06-04 00:00:00+08:00,14
SHFE,ao2604,2903.0,2968.0,2976.0,2883.0,3871620.0,66,687,2025-06-04 00:00:00+08:00,2025-06-04 00:00:00+08:00,14
SHFE,ao2605,2889.0,2952.0,2966.0,2874.0,32600480.0,556,1608,2025-06-04 00:00:00+08:00,2025-06-04 00:00:00+08:00,14
SHFE,au2506,780.88,781.02,783.16,775.6,1370928848.0,1755,11547,2025-06-04 00:00:00+08:00,2025-06-04 00:00:00+08:00,14
SHFE,au2507,781.88,781.42,785.18,776.68,2472291008.0,3162,1902,2025-06-04 00:00:00+08:00,2025-06-04 00:00:00+08:00,14
SHFE,au2508,783.1,782.42,785.78,777.5,150095003648.0,191944,180310,2025-06-04 00:00:00+08:00,2025-06-04 00:00:00+08:00,14
SHFE,au2510,785.24,784.28,787.7,779.56,99360813056.0,126754,123575,2025-06-04 00:00:00+08:00,2025-06-04 00:00:00+08:00,14
SHFE,au2512,786.46,786.38,789.66,781.42,16564490752.0,21074,69319,2025-06-04 00:00:00+08:00,2025-06-04 00:00:00+08:00,14
SHFE,au2602,788.6,788.8,792.08,783.86,5336774144.0,6778,15907,2025-06-04 00:00:00+08:00,2025-06-04 00:00:00+08:00,14
SHFE,au2604,790.98,790.98,794.1,786.0,5703610112.0,7212,10185,2025-06-04 00:00:00+08:00,2025-06-04 00:00:00+08:00,14
SHFE,au2606,792.7,793.54,796.56,788.48,4184277824.0,5273,8722,2025-06-04 00:00:00+08:00,2025-06-04 00:00:00+08:00,14
SHFE,br2506,11000.0,11200.0,11210.0,10965.0,28823550.0,520,724,2025-06-04 00:00:00+08:00,2025-06-04 00:00:00+08:00,14
SHFE,br2507,10925.0,11095.0,11120.0,10885.0,7137161216.0,129848,27683,2025-06-04 00:00:00+08:00,2025-06-04 00:00:00+08:00,14
SHFE,br2508,10700.0,10935.0,10960.0,10700.0,2451094944.0,45275,49964,2025-06-04 00:00:00+08:00,2025-06-04 00:00:00+08:00,14
SHFE,br2509,10715.0,10845.0,10880.0,10655.0,948401632.0,17653,15349,2025-06-04 00:00:00+08:00,2025-06-04 00:00:00+08:00,14
SHFE,br2510,10700.0,10825.0,10855.0,10640.0,19539925.0,364,642,2025-06-04 00:00:00+08:00,2025-06-04 00:00:00+08:00,14
SHFE,br2511,10715.0,10800.0,10840.0,10665.0,4072150.0,76,170,2025-06-04 00:00:00+08:00,2025-06-04 00:00:00+08:00,14
SHFE,br2512,10715.0,10810.0,10860.0,10660.0,4232550.0,79,122,2025-06-04 00:00:00+08:00,2025-06-04 00:00:00+08:00,14
SHFE,br2601,10725.0,10845.0,10845.0,10655.0,11533650.0,215,815,2025-06-04 00:00:00+08:00,2025-06-04 00:00:00+08:00,14
SHFE,br2602,10650.0,10810.0,10810.0,10645.0,375725.0,7,48,2025-06-04 00:00:00+08:00,2025-06-04 00:00:00+08:00,14
SHFE,br2603,10715.0,10800.0,10800.0,10700.0,322150.0,6,65,2025-06-04 00:00:00+08:00,2025-06-04 00:00:00+08:00,14
SHFE,br2604,10730.0,10880.0,10880.0,10730.0,486325.0,9,22,2025-06-04 00:00:00+08:00,2025-06-04 00:00:00+08:00,14
SHFE,br2605,10800.0,10895.0,10895.0,10760.0,379450.0,7,43,2025-06-04 00:00:00+08:00,2025-06-04 00:00:00+08:00,14
SHFE,bu2506,3499.0,3503.0,3530.0,3490.0,193909730.0,5527,9633,2025-06-04 00:00:00+08:00,2025-06-04 00:00:00+08:00,14
SHFE,bu2507,3502.0,3506.0,3531.0,3489.0,5777271040.0,164532,89446,2025-06-04 00:00:00+08:00,2025-06-04 00:00:00+08:00,14
SHFE,bu2508,3485.0,3492.0,3517.0,3479.0,482268736.0,13787,23947,2025-06-04 00:00:00+08:00,2025-06-04 00:00:00+08:00,14
SHFE,bu2509,3478.0,3469.0,3500.0,3462.0,4665216768.0,134047,173831,2025-06-04 00:00:00+08:00,2025-06-04 00:00:00+08:00,14
SHFE,bu2510,3424.0,3422.0,3454.0,3416.0,969714304.0,28222,66381,2025-06-04 00:00:00+08:00,2025-06-04 00:00:00+08:00,14
SHFE,bu2511,3374.0,3372.0,3400.0,3366.0,221358000.0,6537,28452,2025-06-04 00:00:00+08:00,2025-06-04 00:00:00+08:00,14
SHFE,bu2512,3303.0,3302.0,3326.0,3293.0,376413632.0,11370,35060,2025-06-04 00:00:00+08:00,2025-06-04 00:00:00+08:00,14
SHFE,bu2601,3270.0,3271.0,3290.0,3270.0,951930.0,29,802,2025-06-04 00:00:00+08:00,2025-06-04 00:00:00+08:00,14
SHFE,bu2603,3263.0,3263.0,3263.0,3263.0,32630.0,1,100,2025-06-04 00:00:00+08:00,2025-06-04 00:00:00+08:00,14
SHFE,bu2604,3245.0,3245.0,3245.0,3245.0,64900.0,2,35,2025-06-04 00:00:00+08:00,2025-06-04 00:00:00+08:00,14
SHFE,bu2606,3265.0,3255.0,3265.0,3253.0,260860.0,8,187,2025-06-04 00:00:00+08:00,2025-06-04 00:00:00+08:00,14
SHFE,bu2609,3272.0,3265.0,3287.0,3265.0,229240.0,7,41,2025-06-04 00:00:00+08:00,2025-06-04 00:00:00+08:00,14
SHFE,bu2612,3241.0,3246.0,3250.0,3236.0,389200.0,12,79,2025-06-04 00:00:00+08:00,2025-06-04 00:00:00+08:00,14
SHFE,cu2506,78050.0,78350.0,78590.0,78050.0,11332747776.0,28920,66725,2025-06-04 00:00:00+08:00,2025-06-04 00:00:00+08:00,14
SHFE,cu2507,77910.0,78200.0,78400.0,77890.0,43553428736.0,111382,195214,2025-06-04 00:00:00+08:00,2025-06-04 00:00:00+08:00,14
SHFE,cu2508,77700.0,78020.0,78250.0,77690.0,14577056256.0,37368,103798,2025-06-04 00:00:00+08:00,2025-06-04 00:00:00+08:00,14
SHFE,cu2509,77460.0,77870.0,78060.0,77460.0,7603871744.0,19544,70859,2025-06-04 00:00:00+08:00,2025-06-04 00:00:00+08:00,14
SHFE,cu2510,77290.0,77660.0,77850.0,77270.0,2198523600.0,5667,29916,2025-06-04 00:00:00+08:00,2025-06-04 00:00:00+08:00,14
SHFE,cu2511,77110.0,77410.0,77650.0,77060.0,569312144.0,1471,14220,2025-06-04 00:00:00+08:00,2025-06-04 00:00:00+08:00,14
SHFE,cu2512,76930.0,77250.0,77450.0,76840.0,854084848.0,2213,28009,2025-06-04 00:00:00+08:00,2025-06-04 00:00:00+08:00,14
SHFE,cu2601,76770.0,77090.0,77250.0,76760.0,890934448.0,2313,15459,2025-06-04 00:00:00+08:00,2025-06-04 00:00:00+08:00,14
SHFE,cu2602,76700.0,76960.0,77190.0,76600.0,230885650.0,600,15471,2025-06-04 00:00:00+08:00,2025-06-04 00:00:00+08:00,14
SHFE,cu2603,76350.0,76940.0,77100.0,76350.0,304982352.0,793,10999,2025-06-04 00:00:00+08:00,2025-06-04 00:00:00+08:00,14
SHFE,cu2604,76510.0,76950.0,77090.0,76510.0,514291296.0,1337,4383,2025-06-04 00:00:00+08:00,2025-06-04 00:00:00+08:00,14
SHFE,cu2605,76640.0,76900.0,77680.0,76440.0,141855600.0,369,1712,2025-06-04 00:00:00+08:00,2025-06-04 00:00:00+08:00,14
SHFE,fu2507,2943.0,2925.0,2947.0,2913.0,10412809728.0,355256,101369,2025-06-04 00:00:00+08:00,2025-06-04 00:00:00+08:00,14
SHFE,fu2508,2897.0,2887.0,2915.0,2879.0,734403936.0,25340,14757,2025-06-04 00:00:00+08:00,2025-06-04 00:00:00+08:00,14
SHFE,fu2509,2860.0,2841.0,2865.0,2831.0,6007075328.0,210938,136429,2025-06-04 00:00:00+08:00,2025-06-04 00:00:00+08:00,14
SHFE,fu2510,2798.0,2790.0,2812.0,2780.0,1116020048.0,39913,78865,2025-06-04 00:00:00+08:00,2025-06-04 00:00:00+08:00,14
SHFE,fu2511,2774.0,2753.0,2783.0,2750.0,448288576.0,16218,46807,2025-06-04 00:00:00+08:00,2025-06-04 00:00:00+08:00,14
SHFE,fu2512,2744.0,2726.0,2751.0,2723.0,19294730.0,705,1397,2025-06-04 00:00:00+08:00,2025-06-04 00:00:00+08:00,14
SHFE,fu2601,2717.0,2710.0,2734.0,2704.0,566216288.0,20824,30975,2025-06-04 00:00:00+08:00,2025-06-04 00:00:00+08:00,14
SHFE,fu2602,2697.0,2697.0,2717.0,2693.0,3624290.0,134,842,2025-06-04 00:00:00+08:00,2025-06-04 00:00:00+08:00,14
SHFE,fu2603,2687.0,2680.0,2700.0,2677.0,7284410.0,271,1189,2025-06-04 00:00:00+08:00,2025-06-04 00:00:00+08:00,14
SHFE,fu2604,2660.0,2665.0,2680.0,2660.0,4299980.0,161,641,2025-06-04 00:00:00+08:00,2025-06-04 00:00:00+08:00,14
SHFE,fu2605,2650.0,2652.0,2670.0,2645.0,29177970.0,1098,3583,2025-06-04 00:00:00+08:00,2025-06-04 00:00:00+08:00,14
SHFE,fu2606,2637.0,2637.0,2658.0,2635.0,1427480.0,54,56,2025-06-04 00:00:00+08:00,2025-06-04 00:00:00+08:00,14
SHFE,hc2506,3120.0,3120.0,3120.0,3120.0,936000.0,30,420,2025-06-04 00:00:00+08:00,2025-06-04 00:00:00+08:00,14
SHFE,hc2507,3095.0,3136.0,3152.0,3095.0,72373550.0,2308,8148,2025-06-04 00:00:00+08:00,2025-06-04 00:00:00+08:00,14
SHFE,hc2508,3097.0,3115.0,3127.0,3089.0,4445540.0,143,487,2025-06-04 00:00:00+08:00,2025-06-04 00:00:00+08:00,14
SHFE,hc2509,3083.0,3114.0,3128.0,3078.0,881132288.0,28416,171605,2025-06-04 00:00:00+08:00,2025-06-04 00:00:00+08:00,14
SHFE,hc2510,3055.0,3097.0,3112.0,3054.0,24877205504.0,806676,1576113,2025-06-04 00:00:00+08:00,2025-06-04 00:00:00+08:00,14
SHFE,hc2511,3043.0,3092.0,3104.0,3043.0,1053485392.0,34273,206293,2025-06-04 00:00:00+08:00,2025-06-04 00:00:00+08:00,14
SHFE,hc2512,3053.0,3092.0,3103.0,3053.0,3891260.0,126,469,2025-06-04 00:00:00+08:00,2025-06-04 00:00:00+08:00,14
SHFE,hc2601,3046.0,3090.0,3106.0,3045.0,956725776.0,31103,99568,2025-06-04 00:00:00+08:00,2025-06-04 00:00:00+08:00,14
SHFE,hc2602,3053.0,3095.0,3101.0,3053.0,861870.0,28,228,2025-06-04 00:00:00+08:00,2025-06-04 00:00:00+08:00,14
SHFE,hc2603,3058.0,3086.0,3089.0,3058.0,617240.0,20,190,2025-06-04 00:00:00+08:00,2025-06-04 00:00:00+08:00,14
SHFE,hc2604,3063.0,3105.0,3114.0,3063.0,1142270.0,37,159,2025-06-04 00:00:00+08:00,2025-06-04 00:00:00+08:00,14
SHFE,hc2605,3054.0,3088.0,3104.0,3049.0,84430390.0,2745,5551,2025-06-04 00:00:00+08:00,2025-06-04 00:00:00+08:00,14
SHFE,ni2506,121150.0,122300.0,122620.0,121090.0,173374200.0,1422,5868,2025-06-04 00:00:00+08:00,2025-06-04 00:00:00+08:00,14
SHFE,ni2507,121250.0,122590.0,122850.0,120930.0,14335528704.0,117416,83546,2025-06-04 00:00:00+08:00,2025-06-04 00:00:00+08:00,14
SHFE,ni2508,121480.0,122750.0,123020.0,121130.0,2915757984.0,23830,48961,2025-06-04 00:00:00+08:00,2025-06-04 00:00:00+08:00,14
SHFE,ni2509,121640.0,122900.0,123190.0,121300.0,898295872.0,7336,20022,2025-06-04 00:00:00+08:00,2025-06-04 00:00:00+08:00,14
SHFE,ni2510,121820.0,123110.0,123330.0,121790.0,55578580.0,453,1743,2025-06-04 00:00:00+08:00,2025-06-04 00:00:00+08:00,14
SHFE,ni2511,122100.0,123320.0,123450.0,122010.0,10559470.0,86,778,2025-06-04 00:00:00+08:00,2025-06-04 00:00:00+08:00,14
SHFE,ni2512,122260.0,123500.0,123600.0,122260.0,4190430.0,34,657,2025-06-04 00:00:00+08:00,2025-06-04 00:00:00+08:00,14
SHFE,ni2601,122500.0,123800.0,123990.0,122500.0,5307360.0,43,675,2025-06-04 00:00:00+08:00,2025-06-04 00:00:00+08:00,14
SHFE,ni2602,123360.0,123810.0,123810.0,123360.0,864460.0,7,177,2025-06-04 00:00:00+08:00,2025-06-04 00:00:00+08:00,14
SHFE,ni2603,123640.0,124510.0,124510.0,123490.0,1114820.0,9,156,2025-06-04 00:00:00+08:00,2025-06-04 00:00:00+08:00,14
SHFE,ni2604,123360.0,124700.0,124700.0,123360.0,495840.0,4,25,2025-06-04 00:00:00+08:00,2025-06-04 00:00:00+08:00,14
SHFE,ni2605,123300.0,124790.0,125120.0,123030.0,2725280.0,22,48,2025-06-04 00:00:00+08:00,2025-06-04 00:00:00+08:00,14
SHFE,pb2506,16550.0,16620.0,16655.0,16550.0,26147125.0,315,3360,2025-06-04 00:00:00+08:00,2025-06-04 00:00:00+08:00,14
SHFE,pb2507,16575.0,16670.0,16705.0,16545.0,2912095600.0,35010,52496,2025-06-04 00:00:00+08:00,2025-06-04 00:00:00+08:00,14
SHFE,pb2508,16570.0,16665.0,16695.0,16545.0,1052429504.0,12653,25431,2025-06-04 00:00:00+08:00,2025-06-04 00:00:00+08:00,14
SHFE,pb2509,16565.0,16655.0,16695.0,16540.0,62282625.0,749,4776,2025-06-04 00:00:00+08:00,2025-06-04 00:00:00+08:00,14
SHFE,pb2510,16620.0,16645.0,16695.0,16605.0,1165400.0,14,1640,2025-06-04 00:00:00+08:00,2025-06-04 00:00:00+08:00,14
SHFE,pb2511,16710.0,16660.0,16710.0,16660.0,333950.0,4,253,2025-06-04 00:00:00+08:00,2025-06-04 00:00:00+08:00,14
SHFE,pb2512,16670.0,16645.0,16675.0,16645.0,416700.0,5,189,2025-06-04 00:00:00+08:00,2025-06-04 00:00:00+08:00,14
SHFE,pb2601,16630.0,16710.0,16710.0,16625.0,1332500.0,16,50,2025-06-04 00:00:00+08:00,2025-06-04 00:00:00+08:00,14
SHFE,pb2604,16685.0,16685.0,16685.0,16685.0,83425.0,1,27,2025-06-04 00:00:00+08:00,2025-06-04 00:00:00+08:00,14
SHFE,pb2605,16700.0,16700.0,16700.0,16700.0,83500.0,1,7,2025-06-04 00:00:00+08:00,2025-06-04 00:00:00+08:00,14
SHFE,rb2506,2878.0,2925.0,2925.0,2870.0,7794600.0,270,1080,2025-06-04 00:00:00+08:00,2025-06-04 00:00:00+08:00,14
SHFE,rb2507,2969.0,3008.0,3036.0,2969.0,1452938976.0,48353,65968,2025-06-04 00:00:00+08:00,2025-06-04 00:00:00+08:00,14
SHFE,rb2508,2934.0,2963.0,2984.0,2929.0,58642220.0,1984,7450,2025-06-04 00:00:00+08:00,2025-06-04 00:00:00+08:00,14
SHFE,rb2509,2919.0,2971.0,2985.0,2919.0,2116311328.0,71682,266100,2025-06-04 00:00:00+08:00,2025-06-04 00:00:00+08:00,14
SHFE,rb2510,2930.0,2974.0,2988.0,2925.0,61068382976.0,2066104,2280391,2025-06-04 00:00:00+08:00,2025-06-04 00:00:00+08:00,14
SHFE,rb2511,2916.0,2966.0,2978.0,2916.0,752179584.0,25521,263341,2025-06-04 00:00:00+08:00,2025-06-04 00:00:00+08:00,14
SHFE,rb2512,2926.0,2976.0,2984.0,2925.0,13476500.0,456,1405,2025-06-04 00:00:00+08:00,2025-06-04 00:00:00+08:00,14
SHFE,rb2601,2907.0,2970.0,2978.0,2906.0,3010398448.0,102356,219120,2025-06-04 00:00:00+08:00,2025-06-04 00:00:00+08:00,14
SHFE,rb2602,2910.0,2970.0,2976.0,2910.0,8882550.0,302,1690,2025-06-04 00:00:00+08:00,2025-06-04 00:00:00+08:00,14
SHFE,rb2603,2926.0,2979.0,2984.0,2926.0,8123400.0,275,1210,2025-06-04 00:00:00+08:00,2025-06-04 00:00:00+08:00,14
SHFE,rb2604,2923.0,2979.0,2988.0,2923.0,7548020.0,256,614,2025-06-04 00:00:00+08:00,2025-06-04 00:00:00+08:00,14
SHFE,rb2605,2913.0,2966.0,2972.0,2910.0,208844760.0,7099,13529,2025-06-04 00:00:00+08:00,2025-06-04 00:00:00+08:00,14
SHFE,ru2506,13350.0,13585.0,13585.0,13350.0,675800.0,5,313,2025-06-04 00:00:00+08:00,2025-06-04 00:00:00+08:00,14
SHFE,ru2507,13415.0,13645.0,13675.0,13275.0,125018450.0,929,1078,2025-06-04 00:00:00+08:00,2025-06-04 00:00:00+08:00,14
SHFE,ru2508,13410.0,13660.0,13700.0,13345.0,6876100.0,51,1499,2025-06-04 00:00:00+08:00,2025-06-04 00:00:00+08:00,14
SHFE,ru2509,13480.0,13655.0,13700.0,13295.0,71270068224.0,529078,177460,2025-06-04 00:00:00+08:00,2025-06-04 00:00:00+08:00,14
SHFE,ru2510,13485.0,13665.0,13665.0,13390.0,3108950.0,23,318,2025-06-04 00:00:00+08:00,2025-06-04 00:00:00+08:00,14
SHFE,ru2511,13435.0,13645.0,13685.0,13275.0,318561344.0,2359,6081,2025-06-04 00:00:00+08:00,2025-06-04 00:00:00+08:00,14
SHFE,ru2601,14275.0,14490.0,14545.0,14125.0,6175111680.0,43151,40390,2025-06-04 00:00:00+08:00,2025-06-04 00:00:00+08:00,14
SHFE,ru2603,14155.0,14400.0,14400.0,14125.0,1140750.0,8,74,2025-06-04 00:00:00+08:00,2025-06-04 00:00:00+08:00,14
SHFE,ru2604,14215.0,14445.0,14460.0,14215.0,715950.0,5,72,2025-06-04 00:00:00+08:00,2025-06-04 00:00:00+08:00,14
SHFE,ru2605,14310.0,14515.0,14570.0,14170.0,26977200.0,188,619,2025-06-04 00:00:00+08:00,2025-06-04 00:00:00+08:00,14
SHFE,sn2506,251950.0,257540.0,258600.0,251620.0,197954200.0,778,1986,2025-06-04 00:00:00+08:00,2025-06-04 00:00:00+08:00,14
SHFE,sn2507,251810.0,257940.0,258800.0,251340.0,35246286592.0,138136,31008,2025-06-04 00:00:00+08:00,2025-06-04 00:00:00+08:00,14
SHFE,sn2508,252020.0,257820.0,258720.0,251500.0,5685894656.0,22287,13170,2025-06-04 00:00:00+08:00,2025-06-04 00:00:00+08:00,14
SHFE,sn2509,252060.0,257920.0,258690.0,251720.0,1632123536.0,6394,7738,2025-06-04 00:00:00+08:00,2025-06-04 00:00:00+08:00,14
SHFE,sn2510,252100.0,258050.0,258800.0,252050.0,309950032.0,1210,1586,2025-06-04 00:00:00+08:00,2025-06-04 00:00:00+08:00,14
SHFE,sn2511,252330.0,257990.0,258460.0,252330.0,22063710.0,86,274,2025-06-04 00:00:00+08:00,2025-06-04 00:00:00+08:00,14
SHFE,sn2512,253870.0,258460.0,258800.0,253870.0,9496650.0,37,221,2025-06-04 00:00:00+08:00,2025-06-04 00:00:00+08:00,14
SHFE,sn2601,252100.0,258500.0,258500.0,252100.0,10988110.0,43,172,2025-06-04 00:00:00+08:00,2025-06-04 00:00:00+08:00,14
SHFE,sn2602,254230.0,257230.0,257230.0,254230.0,1022170.0,4,76,2025-06-04 00:00:00+08:00,2025-06-04 00:00:00+08:00,14
SHFE,sn2603,254720.0,257190.0,257190.0,254720.0,2808220.0,11,62,2025-06-04 00:00:00+08:00,2025-06-04 00:00:00+08:00,14
SHFE,sp2507,5292.0,5298.0,5322.0,5262.0,9162664960.0,173094,65326,2025-06-04 00:00:00+08:00,2025-06-04 00:00:00+08:00,14
SHFE,AG8888,8493.602,8479.382,8512.811,8466.904,141639690867.0,1113654,1308565,2025-06-04 00:00:00+08:00,2025-06-04 00:00:00+08:00,14
SHFE,AL8888,19854.24,20014.6,20052.37,19842.54,44403952893.0,444225,718772,2025-06-04 00:00:00+08:00,2025-06-04 00:00:00+08:00,14
SHFE,AO8888,2992.308,3058.281,3080.661,2972.954,81039450552.0,1336837,733018,2025-06-04 00:00:00+08:00,2025-06-04 00:00:00+08:00,14
SHFE,AU8888,784.2979,783.7028,787.0326,778.8066,435183193040.0,555896,601777,2025-06-04 00:00:00+08:00,2025-06-04 00:00:00+08:00,14
SHFE,BR8888,10804.87,10995.56,11021.59,10778.31,17743584483.0,323907,123330,2025-06-04 00:00:00+08:00,2025-06-04 00:00:00+08:00,14
SHFE,BU8888,3461.983,3460.304,3488.326,3449.519,18465482040.0,528617,517484,2025-06-04 00:00:00+08:00,2025-06-04 00:00:00+08:00,14
SHFE,CU8888,77692.54,78008.55,78215.84,77672.96,126325403186.0,323359,751979,2025-06-04 00:00:00+08:00,2025-06-04 00:00:00+08:00,14
SHFE,FU8888,2865.076,2849.172,2872.675,2839.39,29762732492.0,1026168,518279,2025-06-04 00:00:00+08:00,2025-06-04 00:00:00+08:00,14
SHFE,sp2508,5264.0,5278.0,5286.0,5254.0,6061560.0,115,490,2025-06-04 00:00:00+08:00,2025-06-04 00:00:00+08:00,14
SHFE,sp2509,5220.0,5236.0,5248.0,5190.0,3408557904.0,65318,87411,2025-06-04 00:00:00+08:00,2025-06-04 00:00:00+08:00,14
SHFE,sp2510,5188.0,5200.0,5214.0,5168.0,2805120.0,54,323,2025-06-04 00:00:00+08:00,2025-06-04 00:00:00+08:00,14
SHFE,sp2511,5196.0,5178.0,5196.0,5130.0,726312944.0,14082,46629,2025-06-04 00:00:00+08:00,2025-06-04 00:00:00+08:00,14
SHFE,sp2512,5146.0,5148.0,5156.0,5116.0,26919240.0,524,2793,2025-06-04 00:00:00+08:00,2025-06-04 00:00:00+08:00,14
SHFE,sp2601,5240.0,5250.0,5258.0,5214.0,107194420.0,2047,8594,2025-06-04 00:00:00+08:00,2025-06-04 00:00:00+08:00,14
SHFE,sp2603,5172.0,5210.0,5212.0,5172.0,4985500.0,96,242,2025-06-04 00:00:00+08:00,2025-06-04 00:00:00+08:00,14
SHFE,sp2604,5188.0,5204.0,5208.0,5170.0,1297200.0,25,65,2025-06-04 00:00:00+08:00,2025-06-04 00:00:00+08:00,14
SHFE,sp2605,5170.0,5202.0,5202.0,5170.0,4665640.0,90,434,2025-06-04 00:00:00+08:00,2025-06-04 00:00:00+08:00,14
SHFE,ss2506,12590.0,12685.0,12685.0,12590.0,40960200.0,648,4356,2025-06-04 00:00:00+08:00,2025-06-04 00:00:00+08:00,14
SHFE,ss2507,12640.0,12720.0,12730.0,12620.0,6061577472.0,95686,74015,2025-06-04 00:00:00+08:00,2025-06-04 00:00:00+08:00,14
SHFE,ss2508,12655.0,12735.0,12755.0,12650.0,3774075744.0,59457,118958,2025-06-04 00:00:00+08:00,2025-06-04 00:00:00+08:00,14
SHFE,ss2509,12670.0,12740.0,12755.0,12655.0,713232720.0,11232,30309,2025-06-04 00:00:00+08:00,2025-06-04 00:00:00+08:00,14
SHFE,ss2510,12705.0,12775.0,12785.0,12695.0,65592000.0,1030,3152,2025-06-04 00:00:00+08:00,2025-06-04 00:00:00+08:00,14
SHFE,ss2511,12755.0,12820.0,12830.0,12745.0,11077425.0,173,382,2025-06-04 00:00:00+08:00,2025-06-04 00:00:00+08:00,14
SHFE,ss2512,12790.0,12845.0,12845.0,12790.0,576425.0,9,110,2025-06-04 00:00:00+08:00,2025-06-04 00:00:00+08:00,14
SHFE,ss2601,12875.0,12945.0,12945.0,12865.0,2840975.0,44,443,2025-06-04 00:00:00+08:00,2025-06-04 00:00:00+08:00,14
SHFE,ss2602,13005.0,13005.0,13005.0,13005.0,130050.0,2,83,2025-06-04 00:00:00+08:00,2025-06-04 00:00:00+08:00,14
SHFE,ss2603,12985.0,13080.0,13080.0,12980.0,456350.0,7,84,2025-06-04 00:00:00+08:00,2025-06-04 00:00:00+08:00,14
SHFE,ss2605,13140.0,13140.0,13140.0,13140.0,65700.0,1,16,2025-06-04 00:00:00+08:00,2025-06-04 00:00:00+08:00,14
SHFE,wr2510,3262.0,3296.0,3310.0,3240.0,1674270.0,51,37,2025-06-04 00:00:00+08:00,2025-06-04 00:00:00+08:00,14
SHFE,zn2506,22630.0,22755.0,22785.0,22630.0,480270256.0,4225,11770,2025-06-04 00:00:00+08:00,2025-06-04 00:00:00+08:00,14
SHFE,zn2507,22260.0,22420.0,22475.0,22260.0,18965246208.0,169465,123944,2025-06-04 00:00:00+08:00,2025-06-04 00:00:00+08:00,14
SHFE,zn2508,22005.0,22235.0,22280.0,22000.0,7400257280.0,66754,65429,2025-06-04 00:00:00+08:00,2025-06-04 00:00:00+08:00,14
SHFE,zn2509,21840.0,22110.0,22140.0,21830.0,2460600720.0,22356,27961,2025-06-04 00:00:00+08:00,2025-06-04 00:00:00+08:00,14
SHFE,zn2510,21710.0,22005.0,22050.0,21710.0,245207000.0,2236,4854,2025-06-04 00:00:00+08:00,2025-06-04 00:00:00+08:00,14
SHFE,zn2511,21610.0,21945.0,21980.0,21610.0,41653400.0,381,1978,2025-06-04 00:00:00+08:00,2025-06-04 00:00:00+08:00,14
SHFE,zn2512,21695.0,21880.0,21915.0,21695.0,13826300.0,127,1204,2025-06-04 00:00:00+08:00,2025-06-04 00:00:00+08:00,14
SHFE,zn2601,21620.0,21815.0,21870.0,21620.0,10434725.0,96,484,2025-06-04 00:00:00+08:00,2025-06-04 00:00:00+08:00,14
SHFE,zn2602,21675.0,21810.0,21825.0,21625.0,6283950.0,58,162,2025-06-04 00:00:00+08:00,2025-06-04 00:00:00+08:00,14
SHFE,zn2603,21530.0,21755.0,21770.0,21530.0,5095275.0,47,254,2025-06-04 00:00:00+08:00,2025-06-04 00:00:00+08:00,14
SHFE,zn2604,21565.0,21690.0,21690.0,21525.0,2485250.0,23,145,2025-06-04 00:00:00+08:00,2025-06-04 00:00:00+08:00,14
SHFE,zn2605,22300.0,21685.0,22300.0,21490.0,9026275.0,83,81,2025-06-04 00:00:00+08:00,2025-06-04 00:00:00+08:00,14
CFFEX,IC8888,5530.955,5574.244,5591.313,5528.445,65227035840.0,58090,206376,2025-06-04 00:00:00+08:00,2025-06-04 00:00:00+08:00,14
CFFEX,IF8888,3792.082,3805.137,3818.258,3790.646,80033596440.0,69824,229448,2025-06-04 00:00:00+08:00,2025-06-04 00:00:00+08:00,14
CFFEX,IH8888,2652.781,2659.267,2670.279,2652.023,25519552860.0,31907,78806,2025-06-04 00:00:00+08:00,2025-06-04 00:00:00+08:00,14
CFFEX,IM8888,5861.789,5908.463,5922.397,5848.92,180222256320.0,151505,315489,2025-06-04 00:00:00+08:00,2025-06-04 00:00:00+08:00,14
CFFEX,T8888,108.7164,108.7609,108.772,108.6185,66176033300.0,60881,194988,2025-06-04 00:00:00+08:00,2025-06-04 00:00:00+08:00,14
CFFEX,TF8888,105.987,106.0277,106.053,105.93,55065240950.0,51954,164943,2025-06-04 00:00:00+08:00,2025-06-04 00:00:00+08:00,14
CFFEX,TL8888,119.5793,119.5292,119.652,119.2587,89141335300.0,74626,114724,2025-06-04 00:00:00+08:00,2025-06-04 00:00:00+08:00,14
CFFEX,TS8888,102.3751,102.3986,102.4179,102.3626,67751684040.0,33089,119964,2025-06-04 00:00:00+08:00,2025-06-04 00:00:00+08:00,14
CZCE,AP8888,7661.135,7741.775,7757.03,7597.662,16178030500.0,210458,234597,2025-06-04 00:00:00+08:00,2025-06-04 00:00:00+08:00,14
CZCE,CF8888,13267.87,13263.95,13287.39,13199.34,27278587200.0,412091,1247970,2025-06-04 00:00:00+08:00,2025-06-04 00:00:00+08:00,14
CZCE,CJ8888,8783.297,8947.349,8983.42,8754.02,6863486200.0,154629,200464,2025-06-04 00:00:00+08:00,2025-06-04 00:00:00+08:00,14
CZCE,CY8888,19506.1,19491.81,19538.04,19408.52,1131781000.0,11627,15165,2025-06-04 00:00:00+08:00,2025-06-04 00:00:00+08:00,14
CZCE,FG8888,959.5944,991.1427,999.178,956.4288,93116915400.0,4780647,3153315,2025-06-04 00:00:00+08:00,2025-06-04 00:00:00+08:00,14
CZCE,PF8888,6359.04,6380.956,6413.144,6328.199,14727745200.0,461714,325767,2025-06-04 00:00:00+08:00,2025-06-04 00:00:00+08:00,14
CZCE,PK8888,8427.563,8347.131,8431.188,8311.949,8032680900.0,191922,359273,2025-06-04 00:00:00+08:00,2025-06-04 00:00:00+08:00,14
CZCE,PR8888,5899.259,5900.285,5935.515,5862.66,9378271000.0,105771,84614,2025-06-04 00:00:00+08:00,2025-06-04 00:00:00+08:00,14
CZCE,PX8888,6558.424,6577.275,6626.687,6501.424,23828271600.0,724953,419645,2025-06-04 00:00:00+08:00,2025-06-04 00:00:00+08:00,14
CZCE,RM8888,2522.683,2503.942,2525.83,2485.991,26688610600.0,1057467,1405212,2025-06-04 00:00:00+08:00,2025-06-04 00:00:00+08:00,14
CZCE,RS8888,5288.041,5241.842,5314.123,5191.491,7370600.0,140,171,2025-06-04 00:00:00+08:00,2025-06-04 00:00:00+08:00,14
CZCE,SA8888,1184.444,1224.266,1231.289,1184.283,107659098700.0,4455441,3279133,2025-06-04 00:00:00+08:00,2025-06-04 00:00:00+08:00,14
CZCE,SF8888,5147.418,5166.592,5190.311,5091.395,10780189800.0,419049,647407,2025-06-04 00:00:00+08:00,2025-06-04 00:00:00+08:00,14
CZCE,SH8888,2370.599,2368.065,2381.147,2334.103,79688992800.0,1128092,400683,2025-06-04 00:00:00+08:00,2025-06-04 00:00:00+08:00,14
CZCE,SM8888,5455.674,5503.081,5532.493,5398.83,19567471400.0,717316,1143740,2025-06-04 00:00:00+08:00,2025-06-04 00:00:00+08:00,14
CZCE,SR8888,5727.079,5741.12,5747.028,5705.897,19895299500.0,347410,771855,2025-06-04 00:00:00+08:00,2025-06-04 00:00:00+08:00,14
CZCE,TA8888,4641.166,4661.61,4702.551,4618.473,64025504100.0,2744567,2996498,2025-06-04 00:00:00+08:00,2025-06-04 00:00:00+08:00,14
CZCE,UR8888,1773.165,1767.397,1781.144,1754.513,12213208600.0,345008,491727,2025-06-04 00:00:00+08:00,2025-06-04 00:00:00+08:00,14
DCE,A8888,4111.872,4099.601,4118.047,4080.837,11271094660.0,274360,427200,2025-06-04 00:00:00+08:00,2025-06-04 00:00:00+08:00,14
DCE,B8888,3518.659,3515.922,3533.406,3499.566,10173164620.0,287790,403811,2025-06-04 00:00:00+08:00,2025-06-04 00:00:00+08:00,14
DCE,BB8888,172.7483,172.3138,173.3983,169.8069,19675025.0,223,145,2025-06-04 00:00:00+08:00,2025-06-04 00:00:00+08:00,14
DCE,C8888,2324.462,2329.66,2333.673,2317.36,23564814090.0,1012392,2940135,2025-06-04 00:00:00+08:00,2025-06-04 00:00:00+08:00,14
DCE,CS8888,2658.216,2669.361,2675.104,2652.46,5515261860.0,207047,543305,2025-06-04 00:00:00+08:00,2025-06-04 00:00:00+08:00,14
DCE,EB8888,6997.028,7051.371,7100.281,6969.192,36805235375.0,1042752,869435,2025-06-04 00:00:00+08:00,2025-06-04 00:00:00+08:00,14
DCE,EG8888,4308.017,4290.312,4321.482,4253.277,30578504890.0,713297,629632,2025-06-04 00:00:00+08:00,2025-06-04 00:00:00+08:00,14
DCE,FB8888,1292.166,1287.698,1296.149,1281.455,16679175.0,1295,897,2025-06-04 00:00:00+08:00,2025-06-04 00:00:00+08:00,14
DCE,I8888,693.6945,700.7189,704.1963,691.4368,71870938250.0,1026024,1831387,2025-06-04 00:00:00+08:00,2025-06-04 00:00:00+08:00,14
DCE,J8888,1297.97,1367.745,1375.226,1297.914,12760494150.0,95586,112880,2025-06-04 00:00:00+08:00,2025-06-04 00:00:00+08:00,14
DCE,JD8888,3457.206,3459.7,3474.628,3434.174,12614817700.0,382732,688229,2025-06-04 00:00:00+08:00,2025-06-04 00:00:00+08:00,14
DCE,JM8888,722.5544,769.3091,773.6032,722.4405,133231165110.0,2978828,1242295,2025-06-04 00:00:00+08:00,2025-06-04 00:00:00+08:00,14
DCE,L8888,6972.063,7046.125,7056.842,6962.356,25891267840.0,738626,1250783,2025-06-04 00:00:00+08:00,2025-06-04 00:00:00+08:00,14
DCE,LG8888,769.2751,761.7152,771.4565,755.5558,3341600865.0,48779,67307,2025-06-04 00:00:00+08:00,2025-06-04 00:00:00+08:00,14
DCE,LH8888,13412.63,13413.5,13443.6,13321.01,13888967120.0,64657,243638,2025-06-04 00:00:00+08:00,2025-06-04 00:00:00+08:00,14
DCE,M8888,2927.358,2927.229,2936.749,2914.623,65442492530.0,2232715,6679468,2025-06-04 00:00:00+08:00,2025-06-04 00:00:00+08:00,14
DCE,P8888,8187.577,8127.227,8206.002,8099.735,109916446380.0,1347732,982888,2025-06-04 00:00:00+08:00,2025-06-04 00:00:00+08:00,14
DCE,PG8888,4053.997,4062.197,4069.198,4015.395,11603901360.0,142889,205668,2025-06-04 00:00:00+08:00,2025-06-04 00:00:00+08:00,14
DCE,PP8888,6873.085,6943.8,6948.377,6872.355,22231299890.0,643545,1168029,2025-06-04 00:00:00+08:00,2025-06-04 00:00:00+08:00,14
DCE,RR8888,3627.052,3633.381,3640.836,3623.069,163995700.0,4514,21418,2025-06-04 00:00:00+08:00,2025-06-04 00:00:00+08:00,14
DCE,V8888,4733.744,4836.357,4851.204,4732.415,64905215155.0,2714538,2195740,2025-06-04 00:00:00+08:00,2025-06-04 00:00:00+08:00,14
DCE,Y8888,7701.314,7683.404,7717.137,7654.753,57803584040.0,751776,1374359,2025-06-04 00:00:00+08:00,2025-06-04 00:00:00+08:00,14
GFEX,LC8888,60137.19,61192.45,61758.73,59512.68,38130631600.0,630415,578740,2025-06-04 00:00:00+08:00,2025-06-04 00:00:00+08:00,14
GFEX,PS8888,33794.03,34400.73,34627.47,33268.25,36779663880.0,356980,167185,2025-06-04 00:00:00+08:00,2025-06-04 00:00:00+08:00,14
GFEX,SI8888,7151.801,7301.467,7350.261,7016.532,48849689800.0,1359957,602529,2025-06-04 00:00:00+08:00,2025-06-04 00:00:00+08:00,14
INE,BC8888,69223.13,69455.26,69591.12,69137.47,2417687104.0,6955,4221,2025-06-04 00:00:00+08:00,2025-06-04 00:00:00+08:00,14
INE,EC8888,1796.927,1874.73,1896.495,1781.447,11478243369.0,113681,91264,2025-06-04 00:00:00+08:00,2025-06-04 00:00:00+08:00,14
INE,LU8888,3483.132,3501.585,3527.401,3466.656,5597891126.0,159480,125586,2025-06-04 00:00:00+08:00,2025-06-04 00:00:00+08:00,14
INE,NR8888,11708.36,11913.48,11954.35,11579.5,28118305604.0,238057,133689,2025-06-04 00:00:00+08:00,2025-06-04 00:00:00+08:00,14
INE,SC8888,462.3559,465.2416,467.2507,460.3282,63622756308.0,136371,47215,2025-06-04 00:00:00+08:00,2025-06-04 00:00:00+08:00,14
SHFE,HC8888,3055.494,3097.404,3112.214,3054.358,52814452584.0,1712581,3645344,2025-06-04 00:00:00+08:00,2025-06-04 00:00:00+08:00,14
SHFE,NI8888,121341.6,122654.6,122918.8,121025.1,32739321704.0,268078,246202,2025-06-04 00:00:00+08:00,2025-06-04 00:00:00+08:00,14
SHFE,PB8888,16574.15,16667.08,16701.51,16546.11,6968465929.0,83778,140780,2025-06-04 00:00:00+08:00,2025-06-04 00:00:00+08:00,14
SHFE,RB8888,2928.263,2973.671,2987.481,2923.985,129781906338.0,4390762,5402289,2025-06-04 00:00:00+08:00,2025-06-04 00:00:00+08:00,14
SHFE,RU8888,13559.53,13739.58,13785.38,13379.3,149198322672.0,1104875,405364,2025-06-04 00:00:00+08:00,2025-06-04 00:00:00+08:00,14
SHFE,SN8888,251885.7,257913.4,258767.9,251435.1,78370250058.0,307143,87357,2025-06-04 00:00:00+08:00,2025-06-04 00:00:00+08:00,14
SHFE,SP8888,5249.915,5255.197,5273.615,5214.191,22614129448.0,428539,278219,2025-06-04 00:00:00+08:00,2025-06-04 00:00:00+08:00,14
SHFE,SS8888,12649.66,12728.69,12742.9,12636.42,16732162533.0,263975,306025,2025-06-04 00:00:00+08:00,2025-06-04 00:00:00+08:00,14
SHFE,WR8888,3285.042,3306.185,3314.891,3271.361,3348540.0,102,119,2025-06-04 00:00:00+08:00,2025-06-04 00:00:00+08:00,14
SHFE,ZN8888,22178.84,22361.58,22411.78,22176.95,48605632847.0,435316,362210,2025-06-04 00:00:00+08:00,2025-06-04 00:00:00+08:00,14
